년도,월,순위,타이틀,가수,프로듀서
2020,1,1,오늘도 빛나는 너에게 (To You My Light) (Feat.이라온),마크툽 (MAKTUB),"마크툽,이라온,Triple Synergy,박민지"
2020,1,2,조금 취했어 (Prod. 2soo),임재현 (Lim Jae Hyun),2soo
2020,1,3,있어줘요,장덕철 (JANG DEOK CHEOL),"덕인,DOKO"
2020,1,4,마음이 말하는 행복 (Happiness) (Feat.이라온),마크툽 (MAKTUB),"마크툽,이라온,Triple Synergy,박민지"
2020,1,5,워커홀릭,볼빨간사춘기 (BOL4),"안지영,바닐라맨"
2020,1,6,꿈속에 너 (Feat. 전상근),에이치코드 (H:CODE),
2020,1,7,주저하는 연인들을 위해,잔나비 (Jannabi),"잔나비 최정훈,김도형,유영현,권박사"
2020,1,8,지구는 멸망하지 않아,우디 (Woody),"김동휘,Francis,민연재,우디"
2020,1,9,Way Back Home,숀 (SHAUN),숀
2020,1,10,인사,멜로망스 (MeloMance),정동환
2020,1,11,"나만, 봄",볼빨간사춘기 (BOL4),"안지영,바닐라맨"
2020,1,12,가끔은,정효빈 (Jeong Hyo Bean),"한밤,김현수"
2020,1,13,선물,멜로망스 (MeloMance),"멜로망스,정동환"
2020,1,14,이 노래가 클럽에서 나온다면,우디 (Woody),"우디,김동휘"
2020,1,15,여행,볼빨간사춘기 (BOL4),"안지영,바닐라맨"
2020,1,16,서툰 이별을 하려해 (Feat.전상근),윤토벤 (YounToven) ,B.a.B
2020,1,17,그대가 살아서,정동원 (Jeong Dong Won),"리트너,더필름,임정규"
2020,1,18,별 보러 갈래?,볼빨간사춘기 (BOL4),"안지영,바닐라맨"
2020,1,19,나의 사춘기에게,볼빨간사춘기 (BOL4),"안지영,바닐라맨"
2020,1,20,헤어져야 사랑을 알죠,스탠딩 에그,"황세준,조대민,최지훈"
2020,1,21,스토커,10CM (십센치),"10CM,Fine Five"
2020,1,22,폰서트,10CM (십센치),"10CM,이요한,성수용,이윤혁"
2020,1,23,오늘도 그대만 (Feat. 정동원),T.P RETRO (타디스 프로젝트舊),최현석
2020,1,24,뜨거운 여름밤은 가고 남은 건 볼품없지만,잔나비 (Jannabi),잔나비
2020,1,25,대충 입고 나와,우디 (Woody),"우디,로브,송호일"
2020,1,26,우주를 줄게,볼빨간사춘기 (BOL4),"바닐라맨,안지영,낯선아이"
2020,1,27,어색한 사이,"볼빨간사춘기 (BOL4), 바닐라 어쿠스틱 (Vanilla Acoustic), 스웨덴세탁소 (Sweden Laundry), 스무살 (20 YEARS OF AGE), 레터 플로우 (Letter flow), 김지수 (Kim Jisu), WH3N (웬), 보라미유 (BORAMIYU), 최유리 (Choi Yu Ree)",바닐라맨
2020,1,28,끝난 사이,보라미유 (BORAMIYU),Noheul
2020,1,29,사랑하긴 했었나요 스쳐가는 인연이었나요 짧지않은 우리 함께했던 시간들이 자꾸 내 마음을 가둬두네,잔나비 (Jannabi),잔나비
2020,1,31,행복,오반 (OVAN),"피아노맨,J.Litz"
2020,1,32,안아줘,정준일 (Jung Joon Il),정준일
2020,1,33,나만 안되는 연애,볼빨간사춘기 (BOL4),"안지영,바닐라맨"
2020,1,34,축제,멜로망스 (MeloMance),정동환
2020,1,35,별 보러 가자,적재 (Jukjae),"적재,추대관"
2020,1,36,좋다고 말해,볼빨간사춘기 (BOL4),"바닐라맨,안지영"
2020,1,37,썸 탈꺼야,볼빨간사춘기 (BOL4),"안지영,바닐라맨"
2020,1,38,그대 없는 밤에 (Feat. 전상근),에이치코드 (H:CODE),"에이치코드,이승표,한희준"
2020,1,39,웃으며,"임재현 (Lim Jae Hyun), 문성욱 (Moon SeongWook)","문성욱,LAGOON"
2020,1,40,겨울을 걷는다,윤딴딴 (YUN DDanDdan),"윤딴딴,nineoff"
2020,1,41,XX,볼빨간사춘기 (BOL4),"안지영,황종하"
2020,1,42,비오는 날 뭐해,하은 (포맨),VIP
2020,1,43,남이 될 수 있을까,"볼빨간사춘기 (BOL4), 스무살 (20 YEARS OF AGE)",바닐라맨
2020,1,44,니가 보고싶은 밤,윤딴딴 (YUN DDanDdan),"윤딴딴,밤그늘"
2020,1,45,"그리워하는 나, 그리워지는 너",어쿠스틱 콜라보 (Acoustic Collabo),"김승재,박가영"
2020,1,46,너의 번호를 누르고 (Prod. 영화처럼),#안녕,"리트너,두번째 별,임정규"
2020,1,47,TOMBOY,혁오 (HYUKOH),"오혁,카더가든,혁오"
2020,1,48,25,볼빨간사춘기 (BOL4),"안지영,바닐라맨"
2020,1,49,그러나,10CM (십센치),"10CM,이요한,성수용,방인재,이윤혁"
2020,1,50,위잉위잉,혁오 (HYUKOH),
2020,1,51,동화,멜로망스 (MeloMance),"멜로망스,정동환"
2020,1,52,혼코노 (Honkono),하은 (포맨),VIP
2020,1,53,She (Hidden Track No.V 1월 선정곡),잔나비 (Jannabi),잔나비
2020,1,54,오래된 노래,스탠딩 에그 (Standing Egg),"Egg1,Egg2,Egg3"
2020,1,55,성탄절 장미 (Feat.이바다),오반 (OVAN),"오반,VAN.C"
2020,1,56,Madeleine Love,CHEEZE (치즈),"구름,달총"
2020,1,58,비행운,문문 (MoonMoon),"문문,김영철"
2020,1,59,New York,"볼빨간사춘기 (BOL4), WH3N (웬)","WH3N, Avalon 8"
2020,1,60,매트리스,10CM (십센치),"10CM,이요한,성수용,방인재,이윤혁"
2020,1,61,Blue,볼빨간사춘기 (BOL4),"안지영,바닐라맨"
2020,1,62,하염없이 (Feat. 정동원),"T.P RETRO (타디스 프로젝트舊), 학선","최현석,학선,임정규"
2020,1,63,오늘,오왠 (O.WHEN),"오왠,빌리어코스티,권혁호,박종득,김지용"
2020,1,64,심술,볼빨간사춘기 (BOL4),"안지영,바닐라맨"
2020,1,65,#첫사랑,볼빨간사춘기 (BOL4),"김지수,황종하"
2020,1,66,잘 지내,적재 (Jukjae),"적재,SCORE,Megatone"
2020,1,67,전화를 할까봐,오반 (OVAN),"오반,VAN.C"
2020,1,68,방에 모기가 있어 (Do You Think Of Me?),10CM (십센치),"10CM,이요한,성수용,방인재,이윤혁"
2020,1,69,Mermaid,볼빨간사춘기 (BOL4),"안지영,바닐라맨"
2020,1,70,처음부터 만나지 않았더라면,반하나 (BANHANA),"반하나,DOKO"
2020,1,71,You(=I),볼빨간사춘기 (BOL4),"안지영,바닐라맨"
2020,1,72,홍연,안예은 (AHN YE EUN),안예은
2020,1,73,나랑 아니면,검정치마 (The Black Skirts),검정치마
2020,1,74,여자친구,"하은요셉 (HAEUN, YOSEP)",VIP
2020,1,75,고백,정준일 (Jung Joon Il),"정준일,권영찬"
2020,1,76,고백,델리스파이스 (Deli Spice),"고범준,김C"
2020,1,77,Help,혁오 (HYUKOH),"오혁,혁오"
2020,1,80,달라진 니 마음,정효빈 (Jeong Hyo Bean),"캥거루,박가영"
2020,1,81,우리집을 못 찾겠군요 (Feat. 볼빨간사춘기),매드클라운 (Mad Clown),"매드 클라운,Ye-Yo,권브라더스"
2020,1,82,사랑한다는 말로는,피아노맨 (PIANO MAN),"숀,피아노맨"
2020,1,83,이별하기 좋은 날씨,정동원 (Jeong Dong Won),"더필름,임정규"
2020,1,84,보통날의 기적 (Feat. 폴킴),스텔라장 (Stella Jang),"스텔라장,정동환"
2020,1,85,봄이 좋냐??,10CM (십센치),"10CM,오안,이윤혁"
2020,1,86,Taste,볼빨간사춘기 (BOL4),"안지영,바닐라맨"
2020,1,87,사랑은 은하수 다방에서,10CM (십센치),10CM
2020,1,88,pet,10CM (십센치),"10CM,이요한,성수용,이윤혁,박기훈"
2020,1,90,"Gloomy Star (Feat. 1ho, Chan)",공기남 (Airman),공기남
2020,1,91,좋아해 (bye),CHEEZE (치즈),달총
2020,1,92,습관 (Bad Habits),숀 (SHAUN),숀
2020,1,93,프리지아,볼빨간사춘기 (BOL4),"안지영,황종하"
2020,1,94,사랑에 연습이 있었다면 (답가),히키 (Hickee),2soo
2020,1,95,사랑한 적 없어,이민혁 (Lee MinHyuk),"이민혁,김장원"
2020,1,96,늦은 시간에 전화해서 미안해,마인드유,"고닥,재희,HYUNKI"
2020,1,97,와리가리,혁오 (HYUKOH),"오혁,혁오"
2020,1,98,어떻게 생각해,CHEEZE (치즈),CHEEZE
2020,1,99,Lullaby,적재 (Jukjae),"적재,추대관"
2020,1,100,널 생각해,원 모어 찬스 (one more chance),정지찬
2020,2,1,오늘도 빛나는 너에게 (To You My Light) (Feat.이라온),마크툽 (MAKTUB),"마크툽,이라온,Triple Synergy,박민지"
2020,2,2,조금 취했어 (Prod. 2soo),임재현 (Lim Jae Hyun),2soo
2020,2,3,마음이 말하는 행복 (Happiness) (Feat.이라온),마크툽 (MAKTUB),"마크툽,이라온,Triple Synergy,박민지"
2020,2,4,있어줘요,장덕철 (JANG DEOK CHEOL),"덕인,DOKO"
2020,2,5,워커홀릭,볼빨간사춘기 (BOL4),"안지영,바닐라맨"
2020,2,6,꿈속에 너 (Feat. 전상근),에이치코드 (H:CODE),
2020,2,7,주저하는 연인들을 위해,잔나비 (Jannabi),"잔나비 최정훈,김도형,유영현,권박사"
2020,2,8,Way Back Home,숀 (SHAUN),숀
2020,2,9,지구는 멸망하지 않아,우디 (Woody),"김동휘,Francis,민연재,우디"
2020,2,10,"나만, 봄",볼빨간사춘기 (BOL4),"안지영,바닐라맨"
2020,2,11,서툰 이별을 하려해 (Feat.전상근),윤토벤 (YounToven) ,B.a.B
2020,2,12,인사,멜로망스 (MeloMance),정동환
2020,2,13,선물,멜로망스 (MeloMance),"멜로망스,정동환"
2020,2,14,여행,볼빨간사춘기 (BOL4),"안지영,바닐라맨"
2020,2,15,이 노래가 클럽에서 나온다면,우디 (Woody),"우디,김동휘"
2020,2,16,나의 사춘기에게,볼빨간사춘기 (BOL4),"안지영,바닐라맨"
2020,2,17,그대가 살아서,정동원 (Jeong Dong Won),"리트너,더필름,임정규"
2020,2,18,폰서트,10CM (십센치),"10CM,이요한,성수용,이윤혁"
2020,2,19,별 보러 갈래?,볼빨간사춘기 (BOL4),"안지영,바닐라맨"
2020,2,20,스토커,10CM (십센치),"10CM,Fine Five"
2020,2,21,헤어져야 사랑을 알죠,스탠딩 에그,"황세준,조대민,최지훈"
2020,2,22,뜨거운 여름밤은 가고 남은 건 볼품없지만,잔나비 (Jannabi),잔나비
2020,2,23,오늘도 그대만 (Feat. 정동원),T.P RETRO (타디스 프로젝트舊),최현석
2020,2,24,우주를 줄게,볼빨간사춘기 (BOL4),"바닐라맨,안지영,낯선아이"
2020,2,25,너의 번호를 누르고 (Prod. 영화처럼),#안녕,"리트너,두번째 별,임정규"
2020,2,26,별 보러 가자,적재 (Jukjae),"적재,추대관"
2020,2,27,대충 입고 나와,우디 (Woody),"우디,로브,송호일"
2020,2,28,좋다고 말해,볼빨간사춘기 (BOL4),"바닐라맨,안지영"
2020,2,29,나만 안되는 연애,볼빨간사춘기 (BOL4),"안지영,바닐라맨"
2020,2,30,그대 없는 밤에 (Feat. 전상근),에이치코드 (H:CODE),"에이치코드,이승표,한희준"
2020,2,32,Help,혁오 (HYUKOH),"오혁,혁오"
2020,2,33,썸 탈꺼야,볼빨간사춘기 (BOL4),"안지영,바닐라맨"
2020,2,34,사랑하긴 했었나요 스쳐가는 인연이었나요 짧지않은 우리 함께했던 시간들이 자꾸 내 마음을 가둬두네,잔나비 (Jannabi),잔나비
2020,2,35,안아줘,정준일 (Jung Joon Il),정준일
2020,2,36,행복,오반 (OVAN),"피아노맨,J.Litz"
2020,2,37,남이 될 수 있을까,"볼빨간사춘기 (BOL4), 스무살 (20 YEARS OF AGE)",바닐라맨
2020,2,38,겨울을 걷는다,윤딴딴 (YUN DDanDdan),"윤딴딴,nineoff"
2020,2,39,웃으며,"임재현 (Lim Jae Hyun), 문성욱 (Moon SeongWook)","문성욱,LAGOON"
2020,2,40,니가 보고싶은 밤,윤딴딴 (YUN DDanDdan),"윤딴딴,밤그늘"
2020,2,41,25,볼빨간사춘기 (BOL4),"안지영,바닐라맨"
2020,2,42,가끔은,정효빈 (Jeong Hyo Bean),"한밤,김현수"
2020,2,43,TOMBOY,혁오 (HYUKOH),"오혁,카더가든,혁오"
2020,2,44,Madeleine Love,CHEEZE (치즈),"구름,달총"
2020,2,45,비오는 날 뭐해,하은 (포맨),VIP
2020,2,46,끝난 사이,보라미유 (BORAMIYU),Noheul
2020,2,47,위잉위잉,혁오 (HYUKOH),
2020,2,48,XX,볼빨간사춘기 (BOL4),"안지영,황종하"
2020,2,49,오래된 노래,스탠딩 에그 (Standing Egg),"Egg1,Egg2,Egg3"
2020,2,50,그러나,10CM (십센치),"10CM,이요한,성수용,방인재,이윤혁"
2020,2,51,심술,볼빨간사춘기 (BOL4),"안지영,바닐라맨"
2020,2,52,She (Hidden Track No.V 1월 선정곡),잔나비 (Jannabi),잔나비
2020,2,53,Blue,볼빨간사춘기 (BOL4),"안지영,바닐라맨"
2020,2,54,어색한 사이,"볼빨간사춘기 (BOL4), 바닐라 어쿠스틱 (Vanilla Acoustic), 스웨덴세탁소 (Sweden Laundry), 스무살 (20 YEARS OF AGE), 레터 플로우 (Letter flow), 김지수 (Kim Jisu), WH3N (웬), 보라미유 (BORAMIYU), 최유리 (Choi Yu Ree)",바닐라맨
2020,2,55,동화,멜로망스 (MeloMance),"멜로망스,정동환"
2020,2,56,#첫사랑,볼빨간사춘기 (BOL4),"김지수,황종하"
2020,2,57,언제나 돌아와,정동원 (Jeong Dong Won),"성재,더필름,임정규"
2020,2,58,오늘,오왠 (O.WHEN),"오왠,빌리어코스티,권혁호,박종득,김지용"
2020,2,59,매트리스,10CM (십센치),"10CM,이요한,성수용,방인재,이윤혁"
2020,2,60,하루만 더 내게 시간을 줄 순 없겠니 (Feat. 12月),윤토벤 (YounToven) ,B.a.B
2020,2,61,비행운,문문 (MoonMoon),"문문,김영철"
2020,2,62,하염없이 (Feat. 정동원),"T.P RETRO (타디스 프로젝트舊), 학선","최현석,학선,임정규"
2020,2,63,You(=I),볼빨간사춘기 (BOL4),"안지영,바닐라맨"
2020,2,64,축제,멜로망스 (MeloMance),정동환
2020,2,65,봄이 좋냐??,10CM (십센치),"10CM,오안,이윤혁"
2020,2,66,Mermaid,볼빨간사춘기 (BOL4),"안지영,바닐라맨"
2020,2,67,나랑 아니면,검정치마 (The Black Skirts),검정치마
2020,2,68,홍연,안예은 (AHN YE EUN),안예은
2020,2,69,방에 모기가 있어 (Do You Think Of Me?),10CM (십센치),"10CM,이요한,성수용,방인재,이윤혁"
2020,2,70,혼코노 (Honkono),하은 (포맨),VIP
2020,2,71,사랑은 은하수 다방에서,10CM (십센치),10CM
2020,2,72,프리지아,볼빨간사춘기 (BOL4),"안지영,황종하"
2020,2,74,Hey Sun,혁오 (HYUKOH),"오혁,혁오"
2020,2,75,고백,델리스파이스 (Deli Spice),"고범준,김C"
2020,2,76,고백,정준일 (Jung Joon Il),"정준일,권영찬"
2020,2,77,여자친구,"하은요셉 (HAEUN, YOSEP)",VIP
2020,2,79,터널 (Feat. 김호연),크래커 (CRACKER),크래커
2020,2,80,잘 지내,적재 (Jukjae),"적재,SCORE,Megatone"
2020,2,81,우리집을 못 찾겠군요 (Feat. 볼빨간사춘기),매드클라운 (Mad Clown),"매드 클라운,Ye-Yo,권브라더스"
2020,2,82,전화를 할까봐,오반 (OVAN),"오반,VAN.C"
2020,2,83,pet,10CM (십센치),"10CM,이요한,성수용,이윤혁,박기훈"
2020,2,84,사랑한다는 말로는,피아노맨 (PIANO MAN),"숀,피아노맨"
2020,2,85,좋아해 (bye),CHEEZE (치즈),달총
2020,2,86,처음부터 만나지 않았더라면,반하나 (BANHANA),"반하나,DOKO"
2020,2,87,New York,"볼빨간사춘기 (BOL4), WH3N (웬)","WH3N, Avalon 8"
2020,2,88,이별하기 좋은 날씨,정동원 (Jeong Dong Won),"더필름,임정규"
2020,2,89,널 생각해,원 모어 찬스 (one more chance),정지찬
2020,2,90,Little Star,스탠딩 에그 (Standing Egg),Standing Egg
2020,2,91,와리가리,혁오 (HYUKOH),"오혁,혁오"
2020,2,92,어떻게 생각해,CHEEZE (치즈),CHEEZE
2020,2,93,싸운날,볼빨간사춘기 (BOL4),"안지영,바닐라맨"
2020,2,94,"Gloomy Star (Feat. 1ho, Chan)",공기남 (Airman),공기남
2020,2,95,Silverhair Express,혁오 (HYUKOH),"오혁,혁오"
2020,2,96,습관 (Bad Habits),숀 (SHAUN),숀
2020,2,97,성탄절 장미 (Feat.이바다),오반 (OVAN),"오반,VAN.C"
2020,2,98,보통날의 기적 (Feat. 폴킴),스텔라장 (Stella Jang),"스텔라장,정동환"
2020,2,99,고백,뜨거운 감자 (Hot Potato),고범준
2020,2,100,달라진 니 마음,정효빈 (Jeong Hyo Bean),"캥거루,박가영"
2020,3,1,오늘도 빛나는 너에게 (To You My Light) (Feat.이라온),마크툽 (MAKTUB),"마크툽,이라온,Triple Synergy,박민지"
2020,3,2,어떻게 지내 (Prod. By VAN.C),오반 (OVAN),"오반,VAN.C"
2020,3,3,조금 취했어 (Prod. 2soo),임재현 (Lim Jae Hyun),2soo
2020,3,4,마음이 말하는 행복 (Happiness) (Feat.이라온),마크툽 (MAKTUB),"마크툽,이라온,Triple Synergy,박민지"
2020,3,5,있어줘요,장덕철 (JANG DEOK CHEOL),"덕인,DOKO"
2020,3,6,주저하는 연인들을 위해,잔나비 (Jannabi),"잔나비 최정훈,김도형,유영현,권박사"
2020,3,7,꿈속에 너 (Feat. 전상근),에이치코드 (H:CODE),
2020,3,8,워커홀릭,볼빨간사춘기 (BOL4),"안지영,바닐라맨"
2020,3,9,"나만, 봄",볼빨간사춘기 (BOL4),"안지영,바닐라맨"
2020,3,10,Way Back Home,숀 (SHAUN),숀
2020,3,11,선물,멜로망스 (MeloMance),"멜로망스,정동환"
2020,3,12,여행,볼빨간사춘기 (BOL4),"안지영,바닐라맨"
2020,3,13,서툰 이별을 하려해 (Feat.전상근),윤토벤 (YounToven) ,B.a.B
2020,3,14,봄이 좋냐??,10CM (십센치),"10CM,오안,이윤혁"
2020,3,15,인사,멜로망스 (MeloMance),정동환
2020,3,16,나의 사춘기에게,볼빨간사춘기 (BOL4),"안지영,바닐라맨"
2020,3,17,폰서트,10CM (십센치),"10CM,이요한,성수용,이윤혁"
2020,3,18,별 보러 갈래?,볼빨간사춘기 (BOL4),"안지영,바닐라맨"
2020,3,19,이 노래가 클럽에서 나온다면,우디 (Woody),"우디,김동휘"
2020,3,20,행복,오반 (OVAN),"피아노맨,J.Litz"
2020,3,21,비싼옷,임재현 (Lim Jae Hyun),2soo
2020,3,22,뜨거운 여름밤은 가고 남은 건 볼품없지만,잔나비 (Jannabi),잔나비
2020,3,23,우주를 줄게,볼빨간사춘기 (BOL4),"바닐라맨,안지영,낯선아이"
2020,3,24,스토커,10CM (십센치),"10CM,Fine Five"
2020,3,25,좋다고 말해,볼빨간사춘기 (BOL4),"바닐라맨,안지영"
2020,3,26,그대가 살아서,정동원 (Jeong Dong Won),"리트너,더필름,임정규"
2020,3,27,썸 탈꺼야,볼빨간사춘기 (BOL4),"안지영,바닐라맨"
2020,3,28,지구는 멸망하지 않아,우디 (Woody),"김동휘,Francis,민연재,우디"
2020,3,29,오늘도 그대만 (Feat. 정동원),T.P RETRO (타디스 프로젝트舊),최현석
2020,3,30,신혼일기,윤딴딴 (YUN DDanDdan),"윤딴딴,서익주"
2020,3,31,너의 번호를 누르고 (Prod. 영화처럼),#안녕,"리트너,두번째 별,임정규"
2020,3,32,나만 안되는 연애,볼빨간사춘기 (BOL4),"안지영,바닐라맨"
2020,3,33,별 보러 가자,적재 (Jukjae),"적재,추대관"
2020,3,34,사랑하긴 했었나요 스쳐가는 인연이었나요 짧지않은 우리 함께했던 시간들이 자꾸 내 마음을 가둬두네,잔나비 (Jannabi),잔나비
2020,3,35,그대 없는 밤에 (Feat. 전상근),에이치코드 (H:CODE),"에이치코드,이승표,한희준"
2020,3,36,남이 될 수 있을까,"볼빨간사춘기 (BOL4), 스무살 (20 YEARS OF AGE)",바닐라맨
2020,3,38,Madeleine Love,CHEEZE (치즈),"구름,달총"
2020,3,39,니가 보고싶은 밤,윤딴딴 (YUN DDanDdan),"윤딴딴,밤그늘"
2020,3,40,겨울을 걷는다,윤딴딴 (YUN DDanDdan),"윤딴딴,nineoff"
2020,3,41,대충 입고 나와,우디 (Woody),"우디,로브,송호일"
2020,3,42,심술,볼빨간사춘기 (BOL4),"안지영,바닐라맨"
2020,3,43,안 된다는 말보다 늦었다는 그 말이 더 아파,허성정 (Heo Seong Jeong),"이재성,Fuxxy,사승호"
2020,3,44,웃으며,"임재현 (Lim Jae Hyun), 문성욱 (Moon SeongWook)","문성욱,LAGOON"
2020,3,45,안아줘,정준일 (Jung Joon Il),정준일
2020,3,46,오래된 노래,스탠딩 에그 (Standing Egg),"Egg1,Egg2,Egg3"
2020,3,48,사랑은 은하수 다방에서,10CM (십센치),10CM
2020,3,49,TOMBOY,혁오 (HYUKOH),"오혁,카더가든,혁오"
2020,3,50,하루만 더 내게 시간을 줄 순 없겠니 (Feat. 12月),윤토벤 (YounToven) ,B.a.B
2020,3,51,She (Hidden Track No.V 1월 선정곡),잔나비 (Jannabi),잔나비
2020,3,52,프리지아,볼빨간사춘기 (BOL4),"안지영,황종하"
2020,3,53,99 (바른 연애 길잡이 X 스탠딩 에그),스탠딩 에그 (Standing Egg),Standing Egg
2020,3,54,위잉위잉,혁오 (HYUKOH),
2020,3,55,You(=I),볼빨간사춘기 (BOL4),"안지영,바닐라맨"
2020,3,56,Blue,볼빨간사춘기 (BOL4),"안지영,바닐라맨"
2020,3,57,언제나 돌아와,정동원 (Jeong Dong Won),"성재,더필름,임정규"
2020,3,58,기억소각 (Feat. 기리보이),다운 (Dvwn),"다운,Ryo"
2020,3,59,#첫사랑,볼빨간사춘기 (BOL4),"김지수,황종하"
2020,3,60,비오는 날 뭐해,하은 (포맨),VIP
2020,3,61,그러나,10CM (십센치),"10CM,이요한,성수용,방인재,이윤혁"
2020,3,62,동화,멜로망스 (MeloMance),"멜로망스,정동환"
2020,3,63,25,볼빨간사춘기 (BOL4),"안지영,바닐라맨"
2020,3,64,오늘,오왠 (O.WHEN),"오왠,빌리어코스티,권혁호,박종득,김지용"
2020,3,65,홍연,안예은 (AHN YE EUN),안예은
2020,3,66,매트리스,10CM (십센치),"10CM,이요한,성수용,방인재,이윤혁"
2020,3,67,XX,볼빨간사춘기 (BOL4),"안지영,황종하"
2020,3,68,비행운,문문 (MoonMoon),"문문,김영철"
2020,3,69,헤어져야 사랑을 알죠,스탠딩 에그,"황세준,조대민,최지훈"
2020,3,70,하염없이 (Feat. 정동원),"T.P RETRO (타디스 프로젝트舊), 학선","최현석,학선,임정규"
2020,3,71,Mermaid,볼빨간사춘기 (BOL4),"안지영,바닐라맨"
2020,3,72,끝난 사이,보라미유 (BORAMIYU),Noheul
2020,3,73,사라져가는 것들,짙은 (Zitten),"짙은,윤형로"
2020,3,74,나랑 아니면,검정치마 (The Black Skirts),검정치마
2020,3,75,pet,10CM (십센치),"10CM,이요한,성수용,이윤혁,박기훈"
2020,3,76,널 생각해,원 모어 찬스 (one more chance),정지찬
2020,3,77,전화를 할까봐,오반 (OVAN),"오반,VAN.C"
2020,3,78,방에 모기가 있어 (Do You Think Of Me?),10CM (십센치),"10CM,이요한,성수용,방인재,이윤혁"
2020,3,79,고백,델리스파이스 (Deli Spice),"고범준,김C"
2020,3,80,신호등,이준호 (LEE JUN HO),"이준호,도깨비,김현수"
2020,3,81,"마음이 말하는 행복 (Feat. 이라온, 반광옥, 정영은, 전상근)",마크툽 (MAKTUB),"마크툽,이라온,Triple Synergy,박민지"
2020,3,82,싸운날,볼빨간사춘기 (BOL4),"안지영,바닐라맨"
2020,3,83,나들이 갈까,볼빨간사춘기 (BOL4),"낯선아이,바닐라맨"
2020,3,84,우리 참 오래 만났었나 봐,1415 (일사일오),"오지현,심현,주성근,김건,이찬영"
2020,3,85,"그대와 나, 설레임 (Feat. 소울맨)",어쿠스틱 콜라보 (Acoustic Collabo),윈드밀
2020,3,86,우리집을 못 찾겠군요 (Feat. 볼빨간사춘기),매드클라운 (Mad Clown),"매드 클라운,Ye-Yo,권브라더스"
2020,3,87,고백,정준일 (Jung Joon Il),"정준일,권영찬"
2020,3,88,불면 (不眠),"오반 (OVAN), VAN.C (반씨)","VAN.C,오반"
2020,3,89,고백,뜨거운 감자 (Hot Potato),고범준
2020,3,90,가끔은,정효빈 (Jeong Hyo Bean),"한밤,김현수"
2020,3,91,축제,멜로망스 (MeloMance),정동환
2020,3,93,기댈 곳,윤딴딴 (YUN DDanDdan),"윤딴딴,전우철"
2020,3,94,여자친구,"하은요셉 (HAEUN, YOSEP)",VIP
2020,3,95,아닌 척 말하기가,바닐라 어쿠스틱 (Vanilla Acoustic),바닐라맨
2020,3,96,어떻게 생각해,CHEEZE (치즈),CHEEZE
2020,3,97,오빠야,신현희와김루트 (SEENROOT),"신현희,서정일"
2020,3,98,"Gloomy Star (Feat. 1ho, Chan)",공기남 (Airman),공기남
2020,3,99,와리가리,혁오 (HYUKOH),"오혁,혁오"
2020,3,100,Little Star,스탠딩 에그 (Standing Egg),Standing Egg
2020,4,1,어떻게 지내 (Prod. By VAN.C),오반 (OVAN),"오반,VAN.C"
2020,4,2,오늘도 빛나는 너에게 (To You My Light) (Feat.이라온),마크툽 (MAKTUB),"마크툽,이라온,Triple Synergy,박민지"
2020,4,3,조금 취했어 (Prod. 2soo),임재현 (Lim Jae Hyun),2soo
2020,4,4,주저하는 연인들을 위해,잔나비 (Jannabi),"잔나비 최정훈,김도형,유영현,권박사"
2020,4,5,마음이 말하는 행복 (Happiness) (Feat.이라온),마크툽 (MAKTUB),"마크툽,이라온,Triple Synergy,박민지"
2020,4,6,있어줘요,장덕철 (JANG DEOK CHEOL),"덕인,DOKO"
2020,4,7,"나만, 봄",볼빨간사춘기 (BOL4),"안지영,바닐라맨"
2020,4,8,워커홀릭,볼빨간사춘기 (BOL4),"안지영,바닐라맨"
2020,4,9,꿈속에 너 (Feat. 전상근),에이치코드 (H:CODE),
2020,4,10,봄이 좋냐??,10CM (십센치),"10CM,오안,이윤혁"
2020,4,11,Way Back Home,숀 (SHAUN),숀
2020,4,12,여행,볼빨간사춘기 (BOL4),"안지영,바닐라맨"
2020,4,13,선물,멜로망스 (MeloMance),"멜로망스,정동환"
2020,4,14,폰서트,10CM (십센치),"10CM,이요한,성수용,이윤혁"
2020,4,15,뜨거운 여름밤은 가고 남은 건 볼품없지만,잔나비 (Jannabi),잔나비
2020,4,16,서툰 이별을 하려해 (Feat.전상근),윤토벤 (YounToven) ,B.a.B
2020,4,17,인사,멜로망스 (MeloMance),정동환
2020,4,18,별 보러 갈래?,볼빨간사춘기 (BOL4),"안지영,바닐라맨"
2020,4,19,나의 사춘기에게,볼빨간사춘기 (BOL4),"안지영,바닐라맨"
2020,4,20,우주를 줄게,볼빨간사춘기 (BOL4),"바닐라맨,안지영,낯선아이"
2020,4,21,이 노래가 클럽에서 나온다면,우디 (Woody),"우디,김동휘"
2020,4,22,비싼옷,임재현 (Lim Jae Hyun),2soo
2020,4,23,Madeleine Love,CHEEZE (치즈),"구름,달총"
2020,4,24,너의 번호를 누르고 (Prod. 영화처럼),#안녕,"리트너,두번째 별,임정규"
2020,4,25,스토커,10CM (십센치),"10CM,Fine Five"
2020,4,26,썸 탈꺼야,볼빨간사춘기 (BOL4),"안지영,바닐라맨"
2020,4,27,좋다고 말해,볼빨간사춘기 (BOL4),"바닐라맨,안지영"
2020,4,28,행복,오반 (OVAN),"피아노맨,J.Litz"
2020,4,29,별 보러 가자,적재 (Jukjae),"적재,추대관"
2020,4,30,오늘도 그대만 (Feat. 정동원),T.P RETRO (타디스 프로젝트舊),최현석
2020,4,31,나만 안되는 연애,볼빨간사춘기 (BOL4),"안지영,바닐라맨"
2020,4,32,사랑하긴 했었나요 스쳐가는 인연이었나요 짧지않은 우리 함께했던 시간들이 자꾸 내 마음을 가둬두네,잔나비 (Jannabi),잔나비
2020,4,33,그대가 살아서,정동원 (Jeong Dong Won),"리트너,더필름,임정규"
2020,4,34,남이 될 수 있을까,"볼빨간사춘기 (BOL4), 스무살 (20 YEARS OF AGE)",바닐라맨
2020,4,36,안아줘,정준일 (Jung Joon Il),정준일
2020,4,37,니가 보고싶은 밤,윤딴딴 (YUN DDanDdan),"윤딴딴,밤그늘"
2020,4,38,오래된 노래,스탠딩 에그 (Standing Egg),"Egg1,Egg2,Egg3"
2020,4,39,TOMBOY,혁오 (HYUKOH),"오혁,카더가든,혁오"
2020,4,40,99 (바른 연애 길잡이 X 스탠딩 에그),스탠딩 에그 (Standing Egg),Standing Egg
2020,4,41,심술,볼빨간사춘기 (BOL4),"안지영,바닐라맨"
2020,4,42,겨울을 걷는다,윤딴딴 (YUN DDanDdan),"윤딴딴,nineoff"
2020,4,43,그대 없는 밤에 (Feat. 전상근),에이치코드 (H:CODE),"에이치코드,이승표,한희준"
2020,4,44,사랑은 은하수 다방에서,10CM (십센치),10CM
2020,4,45,She (Hidden Track No.V 1월 선정곡),잔나비 (Jannabi),잔나비
2020,4,46,대충 입고 나와,우디 (Woody),"우디,로브,송호일"
2020,4,47,위잉위잉,혁오 (HYUKOH),
2020,4,48,홍연,안예은 (AHN YE EUN),안예은
2020,4,49,신혼일기,윤딴딴 (YUN DDanDdan),"윤딴딴,서익주"
2020,4,50,프리지아,볼빨간사춘기 (BOL4),"안지영,황종하"
2020,4,51,너를 그린 우주 (Insomnia2020) (Feat. 이라온),마크툽 (MAKTUB),"마크툽,이라온,Triple Synergy,박민지"
2020,4,52,웃으며,"임재현 (Lim Jae Hyun), 문성욱 (Moon SeongWook)","문성욱,LAGOON"
2020,4,53,지구는 멸망하지 않아,우디 (Woody),"김동휘,Francis,민연재,우디"
2020,4,54,#첫사랑,볼빨간사춘기 (BOL4),"김지수,황종하"
2020,4,55,동화,멜로망스 (MeloMance),"멜로망스,정동환"
2020,4,56,빌런 (Villain),스텔라장 (Stella Jang),"스텔라장,SCORE,박중훈"
2020,4,57,Blue,볼빨간사춘기 (BOL4),"안지영,바닐라맨"
2020,4,58,You(=I),볼빨간사춘기 (BOL4),"안지영,바닐라맨"
2020,4,59,매트리스,10CM (십센치),"10CM,이요한,성수용,방인재,이윤혁"
2020,4,60,비오는 날 뭐해,하은 (포맨),VIP
2020,4,61,그러나,10CM (십센치),"10CM,이요한,성수용,방인재,이윤혁"
2020,4,62,오늘,오왠 (O.WHEN),"오왠,빌리어코스티,권혁호,박종득,김지용"
2020,4,63,비행운,문문 (MoonMoon),"문문,김영철"
2020,4,64,Mermaid,볼빨간사춘기 (BOL4),"안지영,바닐라맨"
2020,4,65,하염없이 (Feat. 정동원),"T.P RETRO (타디스 프로젝트舊), 학선","최현석,학선,임정규"
2020,4,66,고백,델리스파이스 (Deli Spice),"고범준,김C"
2020,4,67,기억소각 (Feat. 기리보이),다운 (Dvwn),"다운,Ryo"
2020,4,68,XX,볼빨간사춘기 (BOL4),"안지영,황종하"
2020,4,69,pet,10CM (십센치),"10CM,이요한,성수용,이윤혁,박기훈"
2020,4,70,널 생각해,원 모어 찬스 (one more chance),정지찬
2020,4,71,고백,뜨거운 감자 (Hot Potato),고범준
2020,4,72,"그대와 나, 설레임 (Feat. 소울맨)",어쿠스틱 콜라보 (Acoustic Collabo),윈드밀
2020,4,73,안 된다는 말보다 늦었다는 그 말이 더 아파,허성정 (Heo Seong Jeong),"이재성,Fuxxy,사승호"
2020,4,74,나랑 아니면,검정치마 (The Black Skirts),검정치마
2020,4,75,25,볼빨간사춘기 (BOL4),"안지영,바닐라맨"
2020,4,76,나들이 갈까,볼빨간사춘기 (BOL4),"낯선아이,바닐라맨"
2020,4,77,좋아해 (bye),CHEEZE (치즈),달총
2020,4,78,Mood Indigo,CHEEZE (치즈),CHEEZE
2020,4,79,끝난 사이,보라미유 (BORAMIYU),Noheul
2020,4,80,우리 이별을 마주하던 그 밤 아래,그_냥 (J_ust),"그_냥,정수민"
2020,4,81,"Gloomy Star (Feat. 1ho, Chan)",공기남 (Airman),공기남
2020,4,82,방에 모기가 있어 (Do You Think Of Me?),10CM (십센치),"10CM,이요한,성수용,방인재,이윤혁"
2020,4,83,그런일은,반하나 (BANHANA),"이현정,디어"
2020,4,84,우리집을 못 찾겠군요 (Feat. 볼빨간사춘기),매드클라운 (Mad Clown),"매드 클라운,Ye-Yo,권브라더스"
2020,4,86,Be There,CHEEZE (치즈),"OhashiTrio,REPROJECT"
2020,4,87,고백,정준일 (Jung Joon Il),"정준일,권영찬"
2020,4,88,어떻게 생각해,CHEEZE (치즈),CHEEZE
2020,4,89,밤이 깊었네,크라잉넛 (CRYING NUT),캡틴락
2020,4,90,싸운날,볼빨간사춘기 (BOL4),"안지영,바닐라맨"
2020,4,91,Little Star,스탠딩 에그 (Standing Egg),Standing Egg
2020,4,92,와리가리,혁오 (HYUKOH),"오혁,혁오"
2020,4,93,아닌 척 말하기가,바닐라 어쿠스틱 (Vanilla Acoustic),바닐라맨
2020,4,94,언제나 돌아와,정동원 (Jeong Dong Won),"성재,더필름,임정규"
2020,4,96,"마음이 말하는 행복 (Feat. 이라온, 반광옥, 정영은, 전상근)",마크툽 (MAKTUB),"마크툽,이라온,Triple Synergy,박민지"
2020,4,97,날이 좋아서,정동원 (Jeong Dong Won),"성재,더필름,두번째 별,임정규"
2020,4,98,오빠야,신현희와김루트 (SEENROOT),"신현희,서정일"
2020,4,99,아주 가끔은,어쿠스틱 콜라보 (Acoustic Collabo),"김승재,Clau :D,한승연"
2020,4,100,전화를 할까봐,오반 (OVAN),"오반,VAN.C"
2020,5,1,나비와 고양이 (feat.백현 (BAEKHYUN)),볼빨간사춘기 (BOL4),"안지영,바닐라맨"
2020,5,2,어떻게 지내 (Prod. By VAN.C),오반 (OVAN),"오반,VAN.C"
2020,5,3,오늘도 빛나는 너에게 (To You My Light) (Feat.이라온),마크툽 (MAKTUB),"마크툽,이라온,Triple Synergy,박민지"
2020,5,4,너를 그린 우주 (Insomnia2020) (Feat. 이라온),마크툽 (MAKTUB),"마크툽,이라온,Triple Synergy,박민지"
2020,5,5,조금 취했어 (Prod. 2soo),임재현 (Lim Jae Hyun),2soo
2020,5,6,품,볼빨간사춘기 (BOL4),"안지영,바닐라맨"
2020,5,7,주저하는 연인들을 위해,잔나비 (Jannabi),"잔나비 최정훈,김도형,유영현,권박사"
2020,5,8,마음이 말하는 행복 (Happiness) (Feat.이라온),마크툽 (MAKTUB),"마크툽,이라온,Triple Synergy,박민지"
2020,5,9,있어줘요,장덕철 (JANG DEOK CHEOL),"덕인,DOKO"
2020,5,10,워커홀릭,볼빨간사춘기 (BOL4),"안지영,바닐라맨"
2020,5,11,"나만, 봄",볼빨간사춘기 (BOL4),"안지영,바닐라맨"
2020,5,12,꿈속에 너 (Feat. 전상근),에이치코드 (H:CODE),
2020,5,13,여행,볼빨간사춘기 (BOL4),"안지영,바닐라맨"
2020,5,14,너의 번호를 누르고 (Prod. 영화처럼),#안녕,"리트너,두번째 별,임정규"
2020,5,15,Way Back Home,숀 (SHAUN),숀
2020,5,16,선물,멜로망스 (MeloMance),"멜로망스,정동환"
2020,5,17,밤,"문성욱 (Moon SeongWook), 임재현 (Lim Jae Hyun)","문성욱,정혜원,라경외,이성훈,임영우"
2020,5,18,빈칸을 채워주시오,볼빨간사춘기 (BOL4),"안지영,바닐라맨"
2020,5,19,나의 사춘기에게,볼빨간사춘기 (BOL4),"안지영,바닐라맨"
2020,5,20,폰서트,10CM (십센치),"10CM,이요한,성수용,이윤혁"
2020,5,21,우주를 줄게,볼빨간사춘기 (BOL4),"바닐라맨,안지영,낯선아이"
2020,5,22,별 보러 갈래?,볼빨간사춘기 (BOL4),"안지영,바닐라맨"
2020,5,23,서툰 이별을 하려해 (Feat.전상근),윤토벤 (YounToven) ,B.a.B
2020,5,24,뜨거운 여름밤은 가고 남은 건 볼품없지만,잔나비 (Jannabi),잔나비
2020,5,25,이 노래가 클럽에서 나온다면,우디 (Woody),"우디,김동휘"
2020,5,26,썸 탈꺼야,볼빨간사춘기 (BOL4),"안지영,바닐라맨"
2020,5,27,오래된 노래,스탠딩 에그 (Standing Egg),"Egg1,Egg2,Egg3"
2020,5,28,좋다고 말해,볼빨간사춘기 (BOL4),"바닐라맨,안지영"
2020,5,29,인사,멜로망스 (MeloMance),정동환
2020,5,30,Madeleine Love,CHEEZE (치즈),"구름,달총"
2020,5,31,봄이 좋냐??,10CM (십센치),"10CM,오안,이윤혁"
2020,5,32,스토커,10CM (십센치),"10CM,Fine Five"
2020,5,33,오늘도 그대만 (Feat. 정동원),T.P RETRO (타디스 프로젝트舊),최현석
2020,5,34,민들레,볼빨간사춘기 (BOL4),"안지영,바닐라맨"
2020,5,35,나만 안되는 연애,볼빨간사춘기 (BOL4),"안지영,바닐라맨"
2020,5,36,별 보러 가자,적재 (Jukjae),"적재,추대관"
2020,5,37,행복,오반 (OVAN),"피아노맨,J.Litz"
2020,5,38,빌런 (Villain),스텔라장 (Stella Jang),"스텔라장,SCORE,박중훈"
2020,5,39,남이 될 수 있을까,"볼빨간사춘기 (BOL4), 스무살 (20 YEARS OF AGE)",바닐라맨
2020,5,41,카운슬링,볼빨간사춘기 (BOL4),"안지영,바닐라맨"
2020,5,42,그대가 살아서,정동원 (Jeong Dong Won),"리트너,더필름,임정규"
2020,5,43,심술,볼빨간사춘기 (BOL4),"안지영,바닐라맨"
2020,5,44,니가 보고싶은 밤,윤딴딴 (YUN DDanDdan),"윤딴딴,밤그늘"
2020,5,45,TOMBOY,혁오 (HYUKOH),"오혁,카더가든,혁오"
2020,5,46,사랑하긴 했었나요 스쳐가는 인연이었나요 짧지않은 우리 함께했던 시간들이 자꾸 내 마음을 가둬두네,잔나비 (Jannabi),잔나비
2020,5,47,겨울을 걷는다,윤딴딴 (YUN DDanDdan),"윤딴딴,nineoff"
2020,5,48,안아줘,정준일 (Jung Joon Il),정준일
2020,5,49,오늘의 기분,CHEEZE (치즈),"달총,한밤,REPROJECT"
2020,5,50,그대 없는 밤에 (Feat. 전상근),에이치코드 (H:CODE),"에이치코드,이승표,한희준"
2020,5,51,몇번째 (Song By 찬현),KozyPop,"찬현,Thaibeats"
2020,5,52,웃으며,"임재현 (Lim Jae Hyun), 문성욱 (Moon SeongWook)","문성욱,LAGOON"
2020,5,53,위잉위잉,혁오 (HYUKOH),
2020,5,54,홍연,안예은 (AHN YE EUN),안예은
2020,5,55,대충 입고 나와,우디 (Woody),"우디,로브,송호일"
2020,5,56,She (Hidden Track No.V 1월 선정곡),잔나비 (Jannabi),잔나비
2020,5,57,Blue,볼빨간사춘기 (BOL4),"안지영,바닐라맨"
2020,5,58,You(=I),볼빨간사춘기 (BOL4),"안지영,바닐라맨"
2020,5,59,서면역에서,순순희 (SOONSOONHEE),이래언
2020,5,60,#첫사랑,볼빨간사춘기 (BOL4),"김지수,황종하"
2020,5,61,비싼옷,임재현 (Lim Jae Hyun),2soo
2020,5,62,사랑은 은하수 다방에서,10CM (십센치),10CM
2020,5,63,동화,멜로망스 (MeloMance),"멜로망스,정동환"
2020,5,64,Mood Indigo,CHEEZE (치즈),CHEEZE
2020,5,65,비오는 날 뭐해,하은 (포맨),VIP
2020,5,66,프리지아,볼빨간사춘기 (BOL4),"안지영,황종하"
2020,5,67,비행운,문문 (MoonMoon),"문문,김영철"
2020,5,68,오늘,오왠 (O.WHEN),"오왠,빌리어코스티,권혁호,박종득,김지용"
2020,5,69,매트리스,10CM (십센치),"10CM,이요한,성수용,방인재,이윤혁"
2020,5,70,Mermaid,볼빨간사춘기 (BOL4),"안지영,바닐라맨"
2020,5,71,나랑 아니면,검정치마 (The Black Skirts),검정치마
2020,5,72,난춘 (亂春),새소년 (SE SO NEON),"So!YoON!,김한주"
2020,5,73,그러나,10CM (십센치),"10CM,이요한,성수용,방인재,이윤혁"
2020,5,74,고백,델리스파이스 (Deli Spice),"고범준,김C"
2020,5,75,지구는 멸망하지 않아,우디 (Woody),"김동휘,Francis,민연재,우디"
2020,5,76,친구에서 연인,스탠딩 에그 (Standing Egg),Standing Egg
2020,5,77,하염없이 (Feat. 정동원),"T.P RETRO (타디스 프로젝트舊), 학선","최현석,학선,임정규"
2020,5,78,Little Star,스탠딩 에그 (Standing Egg),Standing Egg
2020,5,79,너를 그린 우주 (Piano) (Feat. 이라온),마크툽 (MAKTUB),마크툽
2020,5,80,밤이 깊었네,크라잉넛 (CRYING NUT),캡틴락
2020,5,81,pet,10CM (십센치),"10CM,이요한,성수용,이윤혁,박기훈"
2020,5,82,XX,볼빨간사춘기 (BOL4),"안지영,황종하"
2020,5,83,좋아해 (bye),CHEEZE (치즈),달총
2020,5,84,25,볼빨간사춘기 (BOL4),"안지영,바닐라맨"
2020,5,85,고백,뜨거운 감자 (Hot Potato),고범준
2020,5,86,fallin (feat.Liss),죠지 (george),"죠지,Liss"
2020,5,87,널 생각해,원 모어 찬스 (one more chance),정지찬
2020,5,88,어떻게 생각해,CHEEZE (치즈),CHEEZE
2020,5,89,바라봐줘요,죠지 (george),"죠지,박문치"
2020,5,90,싸운날,볼빨간사춘기 (BOL4),"안지영,바닐라맨"
2020,5,91,방에 모기가 있어 (Do You Think Of Me?),10CM (십센치),"10CM,이요한,성수용,방인재,이윤혁"
2020,5,92,꼬일대로,CHEEZE (치즈),"달총,REPROJECT"
2020,5,93,끝난 사이,보라미유 (BORAMIYU),Noheul
2020,5,94,우리집을 못 찾겠군요 (Feat. 볼빨간사춘기),매드클라운 (Mad Clown),"매드 클라운,Ye-Yo,권브라더스"
2020,5,96,"그대와 나, 설레임 (Feat. 소울맨)",어쿠스틱 콜라보 (Acoustic Collabo),윈드밀
2020,5,97,신혼일기,윤딴딴 (YUN DDanDdan),"윤딴딴,서익주"
2020,5,98,99 (바른 연애 길잡이 X 스탠딩 에그),스탠딩 에그 (Standing Egg),Standing Egg
2020,5,99,와리가리,혁오 (HYUKOH),"오혁,혁오"
2020,5,100,기억소각 (Feat. 기리보이),다운 (Dvwn),"다운,Ryo"
2020,6,2,나비와 고양이 (feat.백현 (BAEKHYUN)),볼빨간사춘기 (BOL4),"안지영,바닐라맨"
2020,6,3,어떻게 지내 (Prod. By VAN.C),오반 (OVAN),"오반,VAN.C"
2020,6,4,오늘도 빛나는 너에게 (To You My Light) (Feat.이라온),마크툽 (MAKTUB),"마크툽,이라온,Triple Synergy,박민지"
2020,6,5,어떻게 지내 (답가),런치 (LUNCH),"오반,VAN.C"
2020,6,6,너를 그린 우주 (Insomnia2020) (Feat. 이라온),마크툽 (MAKTUB),"마크툽,이라온,Triple Synergy,박민지"
2020,6,7,품,볼빨간사춘기 (BOL4),"안지영,바닐라맨"
2020,6,8,조금 취했어 (Prod. 2soo),임재현 (Lim Jae Hyun),2soo
2020,6,9,주저하는 연인들을 위해,잔나비 (Jannabi),"잔나비 최정훈,김도형,유영현,권박사"
2020,6,10,마음이 말하는 행복 (Happiness) (Feat.이라온),마크툽 (MAKTUB),"마크툽,이라온,Triple Synergy,박민지"
2020,6,11,너의 번호를 누르고 (Prod. 영화처럼),#안녕,"리트너,두번째 별,임정규"
2020,6,12,있어줘요,장덕철 (JANG DEOK CHEOL),"덕인,DOKO"
2020,6,13,여행,볼빨간사춘기 (BOL4),"안지영,바닐라맨"
2020,6,14,Way Back Home,숀 (SHAUN),숀
2020,6,15,워커홀릭,볼빨간사춘기 (BOL4),"안지영,바닐라맨"
2020,6,16,꿈속에 너 (Feat. 전상근),에이치코드 (H:CODE),
2020,6,17,"나만, 봄",볼빨간사춘기 (BOL4),"안지영,바닐라맨"
2020,6,18,서툰 이별을 하려해 (Feat.전상근),윤토벤 (YounToven) ,B.a.B
2020,6,19,오래된 노래,스탠딩 에그 (Standing Egg),"Egg1,Egg2,Egg3"
2020,6,20,선물,멜로망스 (MeloMance),"멜로망스,정동환"
2020,6,21,나의 사춘기에게,볼빨간사춘기 (BOL4),"안지영,바닐라맨"
2020,6,22,폰서트,10CM (십센치),"10CM,이요한,성수용,이윤혁"
2020,6,23,우주를 줄게,볼빨간사춘기 (BOL4),"바닐라맨,안지영,낯선아이"
2020,6,24,별 보러 갈래?,볼빨간사춘기 (BOL4),"안지영,바닐라맨"
2020,6,25,뜨거운 여름밤은 가고 남은 건 볼품없지만,잔나비 (Jannabi),잔나비
2020,6,26,이 노래가 클럽에서 나온다면,우디 (Woody),"우디,김동휘"
2020,6,27,썸 탈꺼야,볼빨간사춘기 (BOL4),"안지영,바닐라맨"
2020,6,28,별 보러 가자,적재 (Jukjae),"적재,추대관"
2020,6,29,오늘도 그대만 (Feat. 정동원),T.P RETRO (타디스 프로젝트舊),최현석
2020,6,30,행복,오반 (OVAN),"피아노맨,J.Litz"
2020,6,31,좋다고 말해,볼빨간사춘기 (BOL4),"바닐라맨,안지영"
2020,6,32,스토커,10CM (십센치),"10CM,Fine Five"
2020,6,33,인사,멜로망스 (MeloMance),정동환
2020,6,34,빈칸을 채워주시오,볼빨간사춘기 (BOL4),"안지영,바닐라맨"
2020,6,35,나만 안되는 연애,볼빨간사춘기 (BOL4),"안지영,바닐라맨"
2020,6,36,Madeleine Love,CHEEZE (치즈),"구름,달총"
2020,6,37,니가 보고싶은 밤,윤딴딴 (YUN DDanDdan),"윤딴딴,밤그늘"
2020,6,38,남이 될 수 있을까,"볼빨간사춘기 (BOL4), 스무살 (20 YEARS OF AGE)",바닐라맨
2020,6,39,밤,"문성욱 (Moon SeongWook), 임재현 (Lim Jae Hyun)","문성욱,정혜원,라경외,이성훈,임영우"
2020,6,40,그대 없는 밤에 (Feat. 전상근),에이치코드 (H:CODE),"에이치코드,이승표,한희준"
2020,6,41,그대가 살아서,정동원 (Jeong Dong Won),"리트너,더필름,임정규"
2020,6,42,심술,볼빨간사춘기 (BOL4),"안지영,바닐라맨"
2020,6,43,TOMBOY,혁오 (HYUKOH),"오혁,카더가든,혁오"
2020,6,44,개인주의 (Feat. Zion.T),적재 (Jukjae),"적재,Zion.T,SCORE,Megatone"
2020,6,45,겨울을 걷는다,윤딴딴 (YUN DDanDdan),"윤딴딴,nineoff"
2020,6,46,사랑하긴 했었나요 스쳐가는 인연이었나요 짧지않은 우리 함께했던 시간들이 자꾸 내 마음을 가둬두네,잔나비 (Jannabi),잔나비
2020,6,47,안아줘,정준일 (Jung Joon Il),정준일
2020,6,48,봄이 좋냐??,10CM (십센치),"10CM,오안,이윤혁"
2020,6,49,홍연,안예은 (AHN YE EUN),안예은
2020,6,50,오늘의 기분,CHEEZE (치즈),"달총,한밤,REPROJECT"
2020,6,51,위잉위잉,혁오 (HYUKOH),
2020,6,52,웃으며,"임재현 (Lim Jae Hyun), 문성욱 (Moon SeongWook)","문성욱,LAGOON"
2020,6,53,Blue,볼빨간사춘기 (BOL4),"안지영,바닐라맨"
2020,6,54,비오는 날 뭐해,하은 (포맨),VIP
2020,6,55,민들레,볼빨간사춘기 (BOL4),"안지영,바닐라맨"
2020,6,56,대충 입고 나와,우디 (Woody),"우디,로브,송호일"
2020,6,57,친구에서 연인,스탠딩 에그 (Standing Egg),Standing Egg
2020,6,58,동화,멜로망스 (MeloMance),"멜로망스,정동환"
2020,6,59,You(=I),볼빨간사춘기 (BOL4),"안지영,바닐라맨"
2020,6,60,Little Star,스탠딩 에그 (Standing Egg),Standing Egg
2020,6,61,오늘,오왠 (O.WHEN),"오왠,빌리어코스티,권혁호,박종득,김지용"
2020,6,62,She (Hidden Track No.V 1월 선정곡),잔나비 (Jannabi),잔나비
2020,6,63,나랑 아니면,검정치마 (The Black Skirts),검정치마
2020,6,64,#첫사랑,볼빨간사춘기 (BOL4),"김지수,황종하"
2020,6,65,비행운,문문 (MoonMoon),"문문,김영철"
2020,6,66,사랑은 은하수 다방에서,10CM (십센치),10CM
2020,6,67,빌런 (Villain),스텔라장 (Stella Jang),"스텔라장,SCORE,박중훈"
2020,6,69,고백,델리스파이스 (Deli Spice),"고범준,김C"
2020,6,70,Mermaid,볼빨간사춘기 (BOL4),"안지영,바닐라맨"
2020,6,71,매트리스,10CM (십센치),"10CM,이요한,성수용,방인재,이윤혁"
2020,6,73,널 좋아하나봐,어쿠스틱 콜라보 (Acoustic Collabo),"김승재,Clau :D,O.YEON"
2020,6,74,하염없이 (Feat. 정동원),"T.P RETRO (타디스 프로젝트舊), 학선","최현석,학선,임정규"
2020,6,75,서면역에서,순순희 (SOONSOONHEE),이래언
2020,6,76,프리지아,볼빨간사춘기 (BOL4),"안지영,황종하"
2020,6,77,그러나,10CM (십센치),"10CM,이요한,성수용,방인재,이윤혁"
2020,6,78,몇번째 (Song By 찬현),KozyPop,"찬현,Thaibeats"
2020,6,79,난춘 (亂春),새소년 (SE SO NEON),"So!YoON!,김한주"
2020,6,80,pet,10CM (십센치),"10CM,이요한,성수용,이윤혁,박기훈"
2020,6,81,카운슬링,볼빨간사춘기 (BOL4),"안지영,바닐라맨"
2020,6,82,고백,뜨거운 감자 (Hot Potato),고범준
2020,6,83,방에 모기가 있어 (Do You Think Of Me?),10CM (십센치),"10CM,이요한,성수용,방인재,이윤혁"
2020,6,84,여름밤에 우린,스탠딩 에그 (Standing Egg),
2020,6,85,바라봐줘요,죠지 (george),"죠지,박문치"
2020,6,86,사랑한다는 말로는,피아노맨 (PIANO MAN),"숀,피아노맨"
2020,6,87,Mood Indigo,CHEEZE (치즈),CHEEZE
2020,6,88,비싼옷,임재현 (Lim Jae Hyun),2soo
2020,6,89,XX,볼빨간사춘기 (BOL4),"안지영,황종하"
2020,6,90,어떻게 생각해,CHEEZE (치즈),CHEEZE
2020,6,91,지구는 멸망하지 않아,우디 (Woody),"김동휘,Francis,민연재,우디"
2020,6,92,좋아해 (bye),CHEEZE (치즈),달총
2020,6,94,밤이 깊었네,크라잉넛 (CRYING NUT),캡틴락
2020,6,95,싸운날,볼빨간사춘기 (BOL4),"안지영,바닐라맨"
2020,6,96,우리집을 못 찾겠군요 (Feat. 볼빨간사춘기),매드클라운 (Mad Clown),"매드 클라운,Ye-Yo,권브라더스"
2020,6,97,널 생각해,원 모어 찬스 (one more chance),정지찬
2020,6,99,25,볼빨간사춘기 (BOL4),"안지영,바닐라맨"
2020,6,100,붙잡을 수가 없잖아,오왠 (O.WHEN),"오왠,이요한"
2020,7,2,어떻게 지내 (Prod. By VAN.C),오반 (OVAN),"오반,VAN.C"
2020,7,3,나비와 고양이 (feat.백현 (BAEKHYUN)),볼빨간사춘기 (BOL4),"안지영,바닐라맨"
2020,7,4,오늘도 빛나는 너에게 (To You My Light) (Feat.이라온),마크툽 (MAKTUB),"마크툽,이라온,Triple Synergy,박민지"
2020,7,5,어떻게 지내 (답가),런치 (LUNCH),"오반,VAN.C"
2020,7,6,조금 취했어 (Prod. 2soo),임재현 (Lim Jae Hyun),2soo
2020,7,7,너를 그린 우주 (Insomnia2020) (Feat. 이라온),마크툽 (MAKTUB),"마크툽,이라온,Triple Synergy,박민지"
2020,7,8,주저하는 연인들을 위해,잔나비 (Jannabi),"잔나비 최정훈,김도형,유영현,권박사"
2020,7,9,너의 번호를 누르고 (Prod. 영화처럼),#안녕,"리트너,두번째 별,임정규"
2020,7,10,오래된 노래,스탠딩 에그 (Standing Egg),"Egg1,Egg2,Egg3"
2020,7,11,Way Back Home,숀 (SHAUN),숀
2020,7,12,불 좀 꺼줄래,"주시크 (Joosiq), 오반 (OVAN)","주시크,안성현"
2020,7,13,품,볼빨간사춘기 (BOL4),"안지영,바닐라맨"
2020,7,14,서툰 이별을 하려해 (Feat.전상근),윤토벤 (YounToven) ,B.a.B
2020,7,15,마음이 말하는 행복 (Happiness) (Feat.이라온),마크툽 (MAKTUB),"마크툽,이라온,Triple Synergy,박민지"
2020,7,16,있어줘요,장덕철 (JANG DEOK CHEOL),"덕인,DOKO"
2020,7,17,여행,볼빨간사춘기 (BOL4),"안지영,바닐라맨"
2020,7,19,꿈속에 너 (Feat. 전상근),에이치코드 (H:CODE),
2020,7,20,워커홀릭,볼빨간사춘기 (BOL4),"안지영,바닐라맨"
2020,7,21,"나만, 봄",볼빨간사춘기 (BOL4),"안지영,바닐라맨"
2020,7,22,인셉션 (feat. 1ho & Chan),공기남 (Airman),"공기남,Chan"
2020,7,23,선물,멜로망스 (MeloMance),"멜로망스,정동환"
2020,7,24,폰서트,10CM (십센치),"10CM,이요한,성수용,이윤혁"
2020,7,25,별 보러 가자,적재 (Jukjae),"적재,추대관"
2020,7,26,이 노래가 클럽에서 나온다면,우디 (Woody),"우디,김동휘"
2020,7,27,나의 사춘기에게,볼빨간사춘기 (BOL4),"안지영,바닐라맨"
2020,7,28,뜨거운 여름밤은 가고 남은 건 볼품없지만,잔나비 (Jannabi),잔나비
2020,7,29,별 보러 갈래?,볼빨간사춘기 (BOL4),"안지영,바닐라맨"
2020,7,30,여름별,정동원 (Jeong Dong Won),"리트너,두번째 별,임정규"
2020,7,31,우주를 줄게,볼빨간사춘기 (BOL4),"바닐라맨,안지영,낯선아이"
2020,7,32,스토커,10CM (십센치),"10CM,Fine Five"
2020,7,33,행복,오반 (OVAN),"피아노맨,J.Litz"
2020,7,34,오늘도 그대만 (Feat. 정동원),T.P RETRO (타디스 프로젝트舊),최현석
2020,7,35,인사,멜로망스 (MeloMance),정동환
2020,7,36,썸 탈꺼야,볼빨간사춘기 (BOL4),"안지영,바닐라맨"
2020,7,37,좋다고 말해,볼빨간사춘기 (BOL4),"바닐라맨,안지영"
2020,7,38,나만 안되는 연애,볼빨간사춘기 (BOL4),"안지영,바닐라맨"
2020,7,39,니가 보고싶은 밤,윤딴딴 (YUN DDanDdan),"윤딴딴,밤그늘"
2020,7,40,TOMBOY,혁오 (HYUKOH),"오혁,카더가든,혁오"
2020,7,41,그대가 살아서,정동원 (Jeong Dong Won),"리트너,더필름,임정규"
2020,7,42,남이 될 수 있을까,"볼빨간사춘기 (BOL4), 스무살 (20 YEARS OF AGE)",바닐라맨
2020,7,43,비오는 날 뭐해,하은 (포맨),VIP
2020,7,44,Madeleine Love,CHEEZE (치즈),"구름,달총"
2020,7,45,안아줘,정준일 (Jung Joon Il),정준일
2020,7,46,그대 없는 밤에 (Feat. 전상근),에이치코드 (H:CODE),"에이치코드,이승표,한희준"
2020,7,47,홍연,안예은 (AHN YE EUN),안예은
2020,7,48,겨울을 걷는다,윤딴딴 (YUN DDanDdan),"윤딴딴,nineoff"
2020,7,49,위잉위잉,혁오 (HYUKOH),
2020,7,50,Little Star,스탠딩 에그 (Standing Egg),Standing Egg
2020,7,51,사랑하긴 했었나요 스쳐가는 인연이었나요 짧지않은 우리 함께했던 시간들이 자꾸 내 마음을 가둬두네,잔나비 (Jannabi),잔나비
2020,7,52,심술,볼빨간사춘기 (BOL4),"안지영,바닐라맨"
2020,7,53,밤,"문성욱 (Moon SeongWook), 임재현 (Lim Jae Hyun)","문성욱,정혜원,라경외,이성훈,임영우"
2020,7,54,웃으며,"임재현 (Lim Jae Hyun), 문성욱 (Moon SeongWook)","문성욱,LAGOON"
2020,7,55,오늘,오왠 (O.WHEN),"오왠,빌리어코스티,권혁호,박종득,김지용"
2020,7,56,동화,멜로망스 (MeloMance),"멜로망스,정동환"
2020,7,58,대충 입고 나와,우디 (Woody),"우디,로브,송호일"
2020,7,59,Blue,볼빨간사춘기 (BOL4),"안지영,바닐라맨"
2020,7,60,봄이 좋냐??,10CM (십센치),"10CM,오안,이윤혁"
2020,7,61,비행운,문문 (MoonMoon),"문문,김영철"
2020,7,62,She (Hidden Track No.V 1월 선정곡),잔나비 (Jannabi),잔나비
2020,7,63,잘 지내,적재 (Jukjae),"적재,SCORE,Megatone"
2020,7,64,빈칸을 채워주시오,볼빨간사춘기 (BOL4),"안지영,바닐라맨"
2020,7,65,나랑 아니면,검정치마 (The Black Skirts),검정치마
2020,7,66,붙잡을 수가 없잖아,오왠 (O.WHEN),"오왠,이요한"
2020,7,67,개인주의 (Feat. Zion.T),적재 (Jukjae),"적재,Zion.T,SCORE,Megatone"
2020,7,68,사랑은 은하수 다방에서,10CM (십센치),10CM
2020,7,69,고백,델리스파이스 (Deli Spice),"고범준,김C"
2020,7,70,그러나,10CM (십센치),"10CM,이요한,성수용,방인재,이윤혁"
2020,7,71,바라봐줘요,죠지 (george),"죠지,박문치"
2020,7,72,하염없이 (Feat. 정동원),"T.P RETRO (타디스 프로젝트舊), 학선","최현석,학선,임정규"
2020,7,73,#첫사랑,볼빨간사춘기 (BOL4),"김지수,황종하"
2020,7,74,You(=I),볼빨간사춘기 (BOL4),"안지영,바닐라맨"
2020,7,75,매트리스,10CM (십센치),"10CM,이요한,성수용,방인재,이윤혁"
2020,7,76,Mermaid,볼빨간사춘기 (BOL4),"안지영,바닐라맨"
2020,7,77,오늘의 기분,CHEEZE (치즈),"달총,한밤,REPROJECT"
2020,7,78,여름밤에 우린,스탠딩 에그 (Standing Egg),
2020,7,79,방에 모기가 있어 (Do You Think Of Me?),10CM (십센치),"10CM,이요한,성수용,방인재,이윤혁"
2020,7,80,고백,뜨거운 감자 (Hot Potato),고범준
2020,7,81,pet,10CM (십센치),"10CM,이요한,성수용,이윤혁,박기훈"
2020,7,82,Lullaby,적재 (Jukjae),"적재,추대관"
2020,7,83,좋아해 (bye),CHEEZE (치즈),달총
2020,7,85,난춘 (亂春),새소년 (SE SO NEON),"So!YoON!,김한주"
2020,7,86,어떻게 생각해,CHEEZE (치즈),CHEEZE
2020,7,87,빌런 (Villain),스텔라장 (Stella Jang),"스텔라장,SCORE,박중훈"
2020,7,88,"Gloomy Star (Feat. 1ho, Chan)",공기남 (Airman),공기남
2020,7,89,프리지아,볼빨간사춘기 (BOL4),"안지영,황종하"
2020,7,90,사랑한다는 말로는,피아노맨 (PIANO MAN),"숀,피아노맨"
2020,7,91,우리집을 못 찾겠군요 (Feat. 볼빨간사춘기),매드클라운 (Mad Clown),"매드 클라운,Ye-Yo,권브라더스"
2020,7,92,널 생각해,원 모어 찬스 (one more chance),정지찬
2020,7,93,와리가리,혁오 (HYUKOH),"오혁,혁오"
2020,7,95,XX,볼빨간사춘기 (BOL4),"안지영,황종하"
2020,7,96,Mood Indigo,CHEEZE (치즈),CHEEZE
2020,7,97,서면역에서,순순희 (SOONSOONHEE),이래언
2020,7,98,취기를 빌려 (Vocal 이민혁),새봄 (saevom),
2020,7,99,걸을까,유승우 (Yu Seung Woo),"유승우,루빈"
2020,7,100,"못하겠다, 이별 (Feat. 12月)",T.P RETRO (타디스 프로젝트舊),"리트너,최현석,임정규"
2020,8,2,어떻게 지내 (Prod. By VAN.C),오반 (OVAN),"오반,VAN.C"
2020,8,3,나비와 고양이 (feat.백현 (BAEKHYUN)),볼빨간사춘기 (BOL4),"안지영,바닐라맨"
2020,8,4,오늘도 빛나는 너에게 (To You My Light) (Feat.이라온),마크툽 (MAKTUB),"마크툽,이라온,Triple Synergy,박민지"
2020,8,5,오래된 노래,스탠딩 에그 (Standing Egg),"Egg1,Egg2,Egg3"
2020,8,6,어떻게 지내 (답가),런치 (LUNCH),"오반,VAN.C"
2020,8,7,조금 취했어 (Prod. 2soo),임재현 (Lim Jae Hyun),2soo
2020,8,8,주저하는 연인들을 위해,잔나비 (Jannabi),"잔나비 최정훈,김도형,유영현,권박사"
2020,8,9,너를 그린 우주 (Insomnia2020) (Feat. 이라온),마크툽 (MAKTUB),"마크툽,이라온,Triple Synergy,박민지"
2020,8,10,불 좀 꺼줄래,"주시크 (Joosiq), 오반 (OVAN)","주시크,안성현"
2020,8,11,너의 번호를 누르고 (Prod. 영화처럼),#안녕,"리트너,두번째 별,임정규"
2020,8,12,Way Back Home,숀 (SHAUN),숀
2020,8,13,서툰 이별을 하려해 (Feat.전상근),윤토벤 (YounToven) ,B.a.B
2020,8,14,여행,볼빨간사춘기 (BOL4),"안지영,바닐라맨"
2020,8,15,있어줘요,장덕철 (JANG DEOK CHEOL),"덕인,DOKO"
2020,8,16,꿈속에 너 (Feat. 전상근),에이치코드 (H:CODE),
2020,8,17,마음이 말하는 행복 (Happiness) (Feat.이라온),마크툽 (MAKTUB),"마크툽,이라온,Triple Synergy,박민지"
2020,8,18,워커홀릭,볼빨간사춘기 (BOL4),"안지영,바닐라맨"
2020,8,20,그대 없는 밤에 (Feat. 전상근),에이치코드 (H:CODE),"에이치코드,이승표,한희준"
2020,8,21,품,볼빨간사춘기 (BOL4),"안지영,바닐라맨"
2020,8,22,선물,멜로망스 (MeloMance),"멜로망스,정동환"
2020,8,23,"나만, 봄",볼빨간사춘기 (BOL4),"안지영,바닐라맨"
2020,8,24,별 보러 가자,적재 (Jukjae),"적재,추대관"
2020,8,25,폰서트,10CM (십센치),"10CM,이요한,성수용,이윤혁"
2020,8,26,나의 사춘기에게,볼빨간사춘기 (BOL4),"안지영,바닐라맨"
2020,8,27,뜨거운 여름밤은 가고 남은 건 볼품없지만,잔나비 (Jannabi),잔나비
2020,8,28,이 노래가 클럽에서 나온다면,우디 (Woody),"우디,김동휘"
2020,8,29,별 보러 갈래?,볼빨간사춘기 (BOL4),"안지영,바닐라맨"
2020,8,30,스토커,10CM (십센치),"10CM,Fine Five"
2020,8,31,우주를 줄게,볼빨간사춘기 (BOL4),"바닐라맨,안지영,낯선아이"
2020,8,32,오늘도 그대만 (Feat. 정동원),T.P RETRO (타디스 프로젝트舊),최현석
2020,8,33,행복,오반 (OVAN),"피아노맨,J.Litz"
2020,8,34,인셉션 (feat. 1ho & Chan),공기남 (Airman),"공기남,Chan"
2020,8,35,TOMBOY,혁오 (HYUKOH),"오혁,카더가든,혁오"
2020,8,36,썸 탈꺼야,볼빨간사춘기 (BOL4),"안지영,바닐라맨"
2020,8,37,좋다고 말해,볼빨간사춘기 (BOL4),"바닐라맨,안지영"
2020,8,38,Little Star,스탠딩 에그 (Standing Egg),Standing Egg
2020,8,39,인사,멜로망스 (MeloMance),정동환
2020,8,40,나만 안되는 연애,볼빨간사춘기 (BOL4),"안지영,바닐라맨"
2020,8,41,니가 보고싶은 밤,윤딴딴 (YUN DDanDdan),"윤딴딴,밤그늘"
2020,8,42,안아줘,정준일 (Jung Joon Il),정준일
2020,8,43,남이 될 수 있을까,"볼빨간사춘기 (BOL4), 스무살 (20 YEARS OF AGE)",바닐라맨
2020,8,44,그대가 살아서,정동원 (Jeong Dong Won),"리트너,더필름,임정규"
2020,8,45,위잉위잉,혁오 (HYUKOH),
2020,8,46,Madeleine Love,CHEEZE (치즈),"구름,달총"
2020,8,47,겨울을 걷는다,윤딴딴 (YUN DDanDdan),"윤딴딴,nineoff"
2020,8,48,홍연,안예은 (AHN YE EUN),안예은
2020,8,49,비오는 날 뭐해,하은 (포맨),VIP
2020,8,50,사랑하긴 했었나요 스쳐가는 인연이었나요 짧지않은 우리 함께했던 시간들이 자꾸 내 마음을 가둬두네,잔나비 (Jannabi),잔나비
2020,8,51,잘 지내,적재 (Jukjae),"적재,SCORE,Megatone"
2020,8,52,심술,볼빨간사춘기 (BOL4),"안지영,바닐라맨"
2020,8,53,웃으며,"임재현 (Lim Jae Hyun), 문성욱 (Moon SeongWook)","문성욱,LAGOON"
2020,8,54,여름별,정동원 (Jeong Dong Won),"리트너,두번째 별,임정규"
2020,8,55,밤,"문성욱 (Moon SeongWook), 임재현 (Lim Jae Hyun)","문성욱,정혜원,라경외,이성훈,임영우"
2020,8,56,오늘,오왠 (O.WHEN),"오왠,빌리어코스티,권혁호,박종득,김지용"
2020,8,57,동화,멜로망스 (MeloMance),"멜로망스,정동환"
2020,8,58,Blue,볼빨간사춘기 (BOL4),"안지영,바닐라맨"
2020,8,59,대충 입고 나와,우디 (Woody),"우디,로브,송호일"
2020,8,60,비행운,문문 (MoonMoon),"문문,김영철"
2020,8,61,She (Hidden Track No.V 1월 선정곡),잔나비 (Jannabi),잔나비
2020,8,62,여름밤에 우린,스탠딩 에그 (Standing Egg),
2020,8,63,취기를 빌려 (Vocal 이민혁),새봄 (saevom),
2020,8,64,나랑 아니면,검정치마 (The Black Skirts),검정치마
2020,8,65,사랑은 은하수 다방에서,10CM (십센치),10CM
2020,8,66,봄이 좋냐??,10CM (십센치),"10CM,오안,이윤혁"
2020,8,67,널 생각해,원 모어 찬스 (one more chance),정지찬
2020,8,68,고백,델리스파이스 (Deli Spice),"고범준,김C"
2020,8,69,하염없이 (Feat. 정동원),"T.P RETRO (타디스 프로젝트舊), 학선","최현석,학선,임정규"
2020,8,70,그러나,10CM (십센치),"10CM,이요한,성수용,방인재,이윤혁"
2020,8,72,Mermaid,볼빨간사춘기 (BOL4),"안지영,바닐라맨"
2020,8,73,매트리스,10CM (십센치),"10CM,이요한,성수용,방인재,이윤혁"
2020,8,74,#첫사랑,볼빨간사춘기 (BOL4),"김지수,황종하"
2020,8,75,You(=I),볼빨간사춘기 (BOL4),"안지영,바닐라맨"
2020,8,76,바라봐줘요,죠지 (george),"죠지,박문치"
2020,8,77,방에 모기가 있어 (Do You Think Of Me?),10CM (십센치),"10CM,이요한,성수용,방인재,이윤혁"
2020,8,78,pet,10CM (십센치),"10CM,이요한,성수용,이윤혁,박기훈"
2020,8,79,고백,뜨거운 감자 (Hot Potato),고범준
2020,8,80,"못하겠다, 이별 (Feat. 12月)",T.P RETRO (타디스 프로젝트舊),"리트너,최현석,임정규"
2020,8,81,와리가리,혁오 (HYUKOH),"오혁,혁오"
2020,8,83,어떻게 생각해,CHEEZE (치즈),CHEEZE
2020,8,84,서면역에서,순순희 (SOONSOONHEE),이래언
2020,8,85,빈칸을 채워주시오,볼빨간사춘기 (BOL4),"안지영,바닐라맨"
2020,8,86,우리집을 못 찾겠군요 (Feat. 볼빨간사춘기),매드클라운 (Mad Clown),"매드 클라운,Ye-Yo,권브라더스"
2020,8,87,좋아해 (bye),CHEEZE (치즈),달총
2020,8,88,사랑한다는 말로는,피아노맨 (PIANO MAN),"숀,피아노맨"
2020,8,89,난춘 (亂春),새소년 (SE SO NEON),"So!YoON!,김한주"
2020,8,91,"너, 너",스트레이 (The Stray),"L.NDN,스트레이,센티멘탈 시너리"
2020,8,92,프리지아,볼빨간사춘기 (BOL4),"안지영,황종하"
2020,8,93,고백,정준일 (Jung Joon Il),"정준일,권영찬"
2020,8,94,XX,볼빨간사춘기 (BOL4),"안지영,황종하"
2020,8,95,타투 (Tattoo),적재 (Jukjae),"적재,이주형,GDLO"
2020,8,96,"Gloomy Star (Feat. 1ho, Chan)",공기남 (Airman),공기남
2020,8,97,빌런 (Villain),스텔라장 (Stella Jang),"스텔라장,SCORE,박중훈"
2020,8,98,개인주의 (Feat. Zion.T),적재 (Jukjae),"적재,Zion.T,SCORE,Megatone"
2020,8,99,November Rain,잔나비 (Jannabi),잔나비
2020,8,100,불공평,순순희 (SOONSOONHEE),"박가영,김훈식"
2020,9,1,오래된 노래,스탠딩 에그 (Standing Egg),"Egg1,Egg2,Egg3"
2020,9,3,어떻게 지내 (Prod. By VAN.C),오반 (OVAN),"오반,VAN.C"
2020,9,4,오늘도 빛나는 너에게 (To You My Light) (Feat.이라온),마크툽 (MAKTUB),"마크툽,이라온,Triple Synergy,박민지"
2020,9,5,나비와 고양이 (feat.백현 (BAEKHYUN)),볼빨간사춘기 (BOL4),"안지영,바닐라맨"
2020,9,6,어떻게 지내 (답가),런치 (LUNCH),"오반,VAN.C"
2020,9,7,축하해 (Prod. By VAN.C),오반 (OVAN),"VAN.C,오반"
2020,9,8,별을 담은 시 (Ode To The Stars),"마크툽 (MAKTUB), 이라온 (LEE RAON)","마크툽,이라온"
2020,9,9,조금 취했어 (Prod. 2soo),임재현 (Lim Jae Hyun),2soo
2020,9,10,주저하는 연인들을 위해,잔나비 (Jannabi),"잔나비 최정훈,김도형,유영현,권박사"
2020,9,11,서면역에서,순순희 (SOONSOONHEE),이래언
2020,9,12,너의 번호를 누르고 (Prod. 영화처럼),#안녕,"리트너,두번째 별,임정규"
2020,9,13,너를 그린 우주 (Insomnia2020) (Feat. 이라온),마크툽 (MAKTUB),"마크툽,이라온,Triple Synergy,박민지"
2020,9,14,별 보러 가자,적재 (Jukjae),"적재,추대관"
2020,9,15,서툰 이별을 하려해 (Feat.전상근),윤토벤 (YounToven) ,B.a.B
2020,9,16,Way Back Home,숀 (SHAUN),숀
2020,9,17,꿈속에 너 (Feat. 전상근),에이치코드 (H:CODE),
2020,9,18,있어줘요,장덕철 (JANG DEOK CHEOL),"덕인,DOKO"
2020,9,19,Tight,10CM (십센치),"이아일,박문치,NODAY"
2020,9,20,마음이 말하는 행복 (Happiness) (Feat.이라온),마크툽 (MAKTUB),"마크툽,이라온,Triple Synergy,박민지"
2020,9,21,여행,볼빨간사춘기 (BOL4),"안지영,바닐라맨"
2020,9,22,선물,멜로망스 (MeloMance),"멜로망스,정동환"
2020,9,23,그대 없는 밤에 (Feat. 전상근),에이치코드 (H:CODE),"에이치코드,이승표,한희준"
2020,9,24,워커홀릭,볼빨간사춘기 (BOL4),"안지영,바닐라맨"
2020,9,25,뜨거운 여름밤은 가고 남은 건 볼품없지만,잔나비 (Jannabi),잔나비
2020,9,26,불 좀 꺼줄래,"주시크 (Joosiq), 오반 (OVAN)","주시크,안성현"
2020,9,27,폰서트,10CM (십센치),"10CM,이요한,성수용,이윤혁"
2020,9,28,그때는 이 거리가 아름다웠다,잠골버스 (잠자는 골방의 버스커들),정일호
2020,9,29,나의 사춘기에게,볼빨간사춘기 (BOL4),"안지영,바닐라맨"
2020,9,30,"나만, 봄",볼빨간사춘기 (BOL4),"안지영,바닐라맨"
2020,9,31,스토커,10CM (십센치),"10CM,Fine Five"
2020,9,32,품,볼빨간사춘기 (BOL4),"안지영,바닐라맨"
2020,9,34,이 노래가 클럽에서 나온다면,우디 (Woody),"우디,김동휘"
2020,9,35,잘 지내,적재 (Jukjae),"적재,SCORE,Megatone"
2020,9,36,우주를 줄게,볼빨간사춘기 (BOL4),"바닐라맨,안지영,낯선아이"
2020,9,37,별 보러 갈래?,볼빨간사춘기 (BOL4),"안지영,바닐라맨"
2020,9,38,안아줘,정준일 (Jung Joon Il),정준일
2020,9,39,차라리,노틸러스 (nautilus),"Joseph K,Brian U,구현모"
2020,9,40,행복,오반 (OVAN),"피아노맨,J.Litz"
2020,9,41,오늘도 그대만 (Feat. 정동원),T.P RETRO (타디스 프로젝트舊),최현석
2020,9,42,TOMBOY,혁오 (HYUKOH),"오혁,카더가든,혁오"
2020,9,43,인사,멜로망스 (MeloMance),정동환
2020,9,44,니가 보고싶은 밤,윤딴딴 (YUN DDanDdan),"윤딴딴,밤그늘"
2020,9,45,남이 될 수 있을까,"볼빨간사춘기 (BOL4), 스무살 (20 YEARS OF AGE)",바닐라맨
2020,9,46,나만 안되는 연애,볼빨간사춘기 (BOL4),"안지영,바닐라맨"
2020,9,47,썸 탈꺼야,볼빨간사춘기 (BOL4),"안지영,바닐라맨"
2020,9,48,Speechless,스탠딩 에그 (Standing Egg),"Mooney,James Shay,Reynolds,Jordan,Smyers,Dan,Veltz,Laura"
2020,9,49,좋다고 말해,볼빨간사춘기 (BOL4),"바닐라맨,안지영"
2020,9,50,Little Star,스탠딩 에그 (Standing Egg),Standing Egg
2020,9,51,그대가 살아서,정동원 (Jeong Dong Won),"리트너,더필름,임정규"
2020,9,52,위잉위잉,혁오 (HYUKOH),
2020,9,53,Madeleine Love,CHEEZE (치즈),"구름,달총"
2020,9,54,사랑하긴 했었나요 스쳐가는 인연이었나요 짧지않은 우리 함께했던 시간들이 자꾸 내 마음을 가둬두네,잔나비 (Jannabi),잔나비
2020,9,55,겨울을 걷는다,윤딴딴 (YUN DDanDdan),"윤딴딴,nineoff"
2020,9,56,홍연,안예은 (AHN YE EUN),안예은
2020,9,57,오늘,오왠 (O.WHEN),"오왠,빌리어코스티,권혁호,박종득,김지용"
2020,9,58,She (Hidden Track No.V 1월 선정곡),잔나비 (Jannabi),잔나비
2020,9,59,동화,멜로망스 (MeloMance),"멜로망스,정동환"
2020,9,60,웃으며,"임재현 (Lim Jae Hyun), 문성욱 (Moon SeongWook)","문성욱,LAGOON"
2020,9,61,심술,볼빨간사춘기 (BOL4),"안지영,바닐라맨"
2020,9,62,인셉션 (feat. 1ho & Chan),공기남 (Airman),"공기남,Chan"
2020,9,63,비오는 날 뭐해,하은 (포맨),VIP
2020,9,64,취기를 빌려 (Vocal 이민혁),새봄 (saevom),
2020,9,65,"너, 너",스트레이 (The Stray),"L.NDN,스트레이,센티멘탈 시너리"
2020,9,66,Blue,볼빨간사춘기 (BOL4),"안지영,바닐라맨"
2020,9,67,비행운,문문 (MoonMoon),"문문,김영철"
2020,9,68,나랑 아니면,검정치마 (The Black Skirts),검정치마
2020,9,69,고백,델리스파이스 (Deli Spice),"고범준,김C"
2020,9,70,여름밤에 우린,스탠딩 에그 (Standing Egg),
2020,9,71,그러나,10CM (십센치),"10CM,이요한,성수용,방인재,이윤혁"
2020,9,72,밤,"문성욱 (Moon SeongWook), 임재현 (Lim Jae Hyun)","문성욱,정혜원,라경외,이성훈,임영우"
2020,9,73,사랑은 은하수 다방에서,10CM (십센치),10CM
2020,9,74,대충 입고 나와,우디 (Woody),"우디,로브,송호일"
2020,9,75,매트리스,10CM (십센치),"10CM,이요한,성수용,방인재,이윤혁"
2020,9,76,널 생각해,원 모어 찬스 (one more chance),정지찬
2020,9,77,바라봐줘요,죠지 (george),"죠지,박문치"
2020,9,78,하염없이 (Feat. 정동원),"T.P RETRO (타디스 프로젝트舊), 학선","최현석,학선,임정규"
2020,9,79,pet,10CM (십센치),"10CM,이요한,성수용,이윤혁,박기훈"
2020,9,80,#첫사랑,볼빨간사춘기 (BOL4),"김지수,황종하"
2020,9,81,봄이 좋냐??,10CM (십센치),"10CM,오안,이윤혁"
2020,9,82,Mermaid,볼빨간사춘기 (BOL4),"안지영,바닐라맨"
2020,9,83,You(=I),볼빨간사춘기 (BOL4),"안지영,바닐라맨"
2020,9,84,여름별,정동원 (Jeong Dong Won),"리트너,두번째 별,임정규"
2020,9,85,새벽을 달려 (Feat. JUNIEL),스무살 (20 YEARS OF AGE),"스무살,818"
2020,9,86,고백,뜨거운 감자 (Hot Potato),고범준
2020,9,87,좋아해 (bye),CHEEZE (치즈),달총
2020,9,88,타투 (Tattoo),적재 (Jukjae),"적재,이주형,GDLO"
2020,9,89,민들레 (single ver.),우효 (OOHYO),"우효,Tony Doogan"
2020,9,90,와리가리,혁오 (HYUKOH),"오혁,혁오"
2020,9,91,가끔 미치도록 네가 안고 싶어질 때가 있어,가을방학 (Autumn vacation),정바비
2020,9,92,Lullaby,적재 (Jukjae),"적재,추대관"
2020,9,93,우리집을 못 찾겠군요 (Feat. 볼빨간사춘기),매드클라운 (Mad Clown),"매드 클라운,Ye-Yo,권브라더스"
2020,9,94,방에 모기가 있어 (Do You Think Of Me?),10CM (십센치),"10CM,이요한,성수용,방인재,이윤혁"
2020,9,95,어떻게 생각해,CHEEZE (치즈),CHEEZE
2020,9,96,사랑한다는 말로는,피아노맨 (PIANO MAN),"숀,피아노맨"
2020,9,97,고백,정준일 (Jung Joon Il),"정준일,권영찬"
2020,9,98,싸운날,볼빨간사춘기 (BOL4),"안지영,바닐라맨"
2020,9,100,프리지아,볼빨간사춘기 (BOL4),"안지영,황종하"
2020,10,1,오래된 노래,스탠딩 에그 (Standing Egg),"Egg1,Egg2,Egg3"
2020,10,3,어떻게 지내 (Prod. By VAN.C),오반 (OVAN),"오반,VAN.C"
2020,10,4,오늘도 빛나는 너에게 (To You My Light) (Feat.이라온),마크툽 (MAKTUB),"마크툽,이라온,Triple Synergy,박민지"
2020,10,5,서면역에서,순순희 (SOONSOONHEE),이래언
2020,10,6,축하해 (Prod. By VAN.C),오반 (OVAN),"VAN.C,오반"
2020,10,7,별을 담은 시 (Ode To The Stars),"마크툽 (MAKTUB), 이라온 (LEE RAON)","마크툽,이라온"
2020,10,8,나비와 고양이 (feat.백현 (BAEKHYUN)),볼빨간사춘기 (BOL4),"안지영,바닐라맨"
2020,10,9,어떻게 지내 (답가),런치 (LUNCH),"오반,VAN.C"
2020,10,10,조금 취했어 (Prod. 2soo),임재현 (Lim Jae Hyun),2soo
2020,10,11,주저하는 연인들을 위해,잔나비 (Jannabi),"잔나비 최정훈,김도형,유영현,권박사"
2020,10,12,Tight,10CM (십센치),"이아일,박문치,NODAY"
2020,10,13,너의 번호를 누르고 (Prod. 영화처럼),#안녕,"리트너,두번째 별,임정규"
2020,10,14,별 보러 가자,적재 (Jukjae),"적재,추대관"
2020,10,15,그때는 이 거리가 아름다웠다,잠골버스 (잠자는 골방의 버스커들),정일호
2020,10,16,나랑 같이 걸을래 (바른연애 길잡이 X 적재),적재 (Jukjae),"DOKO,사승호"
2020,10,17,꿈속에 너 (Feat. 전상근),에이치코드 (H:CODE),
2020,10,18,Way Back Home,숀 (SHAUN),숀
2020,10,19,서툰 이별을 하려해 (Feat.전상근),윤토벤 (YounToven) ,B.a.B
2020,10,20,선물,멜로망스 (MeloMance),"멜로망스,정동환"
2020,10,21,있어줘요,장덕철 (JANG DEOK CHEOL),"덕인,DOKO"
2020,10,22,너를 그린 우주 (Insomnia2020) (Feat. 이라온),마크툽 (MAKTUB),"마크툽,이라온,Triple Synergy,박민지"
2020,10,23,사랑하는 너에게 (취향저격 그녀 X 스탠딩 에그),스탠딩 에그,Noheul
2020,10,24,마음이 말하는 행복 (Happiness) (Feat.이라온),마크툽 (MAKTUB),"마크툽,이라온,Triple Synergy,박민지"
2020,10,25,여행,볼빨간사춘기 (BOL4),"안지영,바닐라맨"
2020,10,26,그대 없는 밤에 (Feat. 전상근),에이치코드 (H:CODE),"에이치코드,이승표,한희준"
2020,10,27,나의 사춘기에게,볼빨간사춘기 (BOL4),"안지영,바닐라맨"
2020,10,28,워커홀릭,볼빨간사춘기 (BOL4),"안지영,바닐라맨"
2020,10,29,폰서트,10CM (십센치),"10CM,이요한,성수용,이윤혁"
2020,10,30,스토커,10CM (십센치),"10CM,Fine Five"
2020,10,31,뜨거운 여름밤은 가고 남은 건 볼품없지만,잔나비 (Jannabi),잔나비
2020,10,32,"나만, 봄",볼빨간사춘기 (BOL4),"안지영,바닐라맨"
2020,10,33,불 좀 꺼줄래,"주시크 (Joosiq), 오반 (OVAN)","주시크,안성현"
2020,10,34,이 노래가 클럽에서 나온다면,우디 (Woody),"우디,김동휘"
2020,10,35,우주를 줄게,볼빨간사춘기 (BOL4),"바닐라맨,안지영,낯선아이"
2020,10,36,안아줘,정준일 (Jung Joon Il),정준일
2020,10,38,별 보러 갈래?,볼빨간사춘기 (BOL4),"안지영,바닐라맨"
2020,10,39,행복,오반 (OVAN),"피아노맨,J.Litz"
2020,10,40,잘 지내,적재 (Jukjae),"적재,SCORE,Megatone"
2020,10,41,오늘도 그대만 (Feat. 정동원),T.P RETRO (타디스 프로젝트舊),최현석
2020,10,42,품,볼빨간사춘기 (BOL4),"안지영,바닐라맨"
2020,10,43,TOMBOY,혁오 (HYUKOH),"오혁,카더가든,혁오"
2020,10,44,니가 보고싶은 밤,윤딴딴 (YUN DDanDdan),"윤딴딴,밤그늘"
2020,10,45,나만 안되는 연애,볼빨간사춘기 (BOL4),"안지영,바닐라맨"
2020,10,46,인사,멜로망스 (MeloMance),정동환
2020,10,47,남이 될 수 있을까,"볼빨간사춘기 (BOL4), 스무살 (20 YEARS OF AGE)",바닐라맨
2020,10,48,좋다고 말해,볼빨간사춘기 (BOL4),"바닐라맨,안지영"
2020,10,49,썸 탈꺼야,볼빨간사춘기 (BOL4),"안지영,바닐라맨"
2020,10,50,홍연,안예은 (AHN YE EUN),안예은
2020,10,51,겨울을 걷는다,윤딴딴 (YUN DDanDdan),"윤딴딴,nineoff"
2020,10,52,그대가 살아서,정동원 (Jeong Dong Won),"리트너,더필름,임정규"
2020,10,53,위잉위잉,혁오 (HYUKOH),
2020,10,54,Little Star,스탠딩 에그 (Standing Egg),Standing Egg
2020,10,55,사랑하긴 했었나요 스쳐가는 인연이었나요 짧지않은 우리 함께했던 시간들이 자꾸 내 마음을 가둬두네,잔나비 (Jannabi),잔나비
2020,10,56,몇 번의 이별,정효빈 (Jeong Hyo Bean),"빅가이로빈,최상언,김홍준"
2020,10,57,누명 (Prod. 2soo),임재현 (Lim Jae Hyun),"2soo,문성욱"
2020,10,58,Madeleine Love,CHEEZE (치즈),"구름,달총"
2020,10,59,오늘,오왠 (O.WHEN),"오왠,빌리어코스티,권혁호,박종득,김지용"
2020,10,60,심술,볼빨간사춘기 (BOL4),"안지영,바닐라맨"
2020,10,61,웃으며,"임재현 (Lim Jae Hyun), 문성욱 (Moon SeongWook)","문성욱,LAGOON"
2020,10,62,고백,델리스파이스 (Deli Spice),"고범준,김C"
2020,10,63,동화,멜로망스 (MeloMance),"멜로망스,정동환"
2020,10,64,She (Hidden Track No.V 1월 선정곡),잔나비 (Jannabi),잔나비
2020,10,65,범 내려온다,이날치 (LEENALCHI),이날치
2020,10,66,Blue,볼빨간사춘기 (BOL4),"안지영,바닐라맨"
2020,10,67,나랑 아니면,검정치마 (The Black Skirts),검정치마
2020,10,68,사랑은 은하수 다방에서,10CM (십센치),10CM
2020,10,69,또 (Song by 줍에이) (feat. 가현),SOUND PALETTE (사운드 팔레트),"GC,줍에이,가현"
2020,10,70,밤,"문성욱 (Moon SeongWook), 임재현 (Lim Jae Hyun)","문성욱,정혜원,라경외,이성훈,임영우"
2020,10,71,비행운,문문 (MoonMoon),"문문,김영철"
2020,10,72,"너, 너",스트레이 (The Stray),"L.NDN,스트레이,센티멘탈 시너리"
2020,10,73,널 생각해,원 모어 찬스 (one more chance),정지찬
2020,10,74,그러나,10CM (십센치),"10CM,이요한,성수용,방인재,이윤혁"
2020,10,75,매트리스,10CM (십센치),"10CM,이요한,성수용,방인재,이윤혁"
2020,10,76,취기를 빌려 (Vocal 이민혁),새봄 (saevom),
2020,10,77,대충 입고 나와,우디 (Woody),"우디,로브,송호일"
2020,10,78,바라봐줘요,죠지 (george),"죠지,박문치"
2020,10,79,비오는 날 뭐해,하은 (포맨),VIP
2020,10,80,하염없이 (Feat. 정동원),"T.P RETRO (타디스 프로젝트舊), 학선","최현석,학선,임정규"
2020,10,81,pet,10CM (십센치),"10CM,이요한,성수용,이윤혁,박기훈"
2020,10,82,차라리,노틸러스 (nautilus),"Joseph K,Brian U,구현모"
2020,10,83,#첫사랑,볼빨간사춘기 (BOL4),"김지수,황종하"
2020,10,84,봄이 좋냐??,10CM (십센치),"10CM,오안,이윤혁"
2020,10,85,You(=I),볼빨간사춘기 (BOL4),"안지영,바닐라맨"
2020,10,86,민들레 (single ver.),우효 (OOHYO),"우효,Tony Doogan"
2020,10,87,Mermaid,볼빨간사춘기 (BOL4),"안지영,바닐라맨"
2020,10,88,인셉션 (feat. 1ho & Chan),공기남 (Airman),"공기남,Chan"
2020,10,89,고백,뜨거운 감자 (Hot Potato),고범준
2020,10,90,우리집을 못 찾겠군요 (Feat. 볼빨간사춘기),매드클라운 (Mad Clown),"매드 클라운,Ye-Yo,권브라더스"
2020,10,92,여름밤에 우린,스탠딩 에그 (Standing Egg),
2020,10,93,가끔 미치도록 네가 안고 싶어질 때가 있어,가을방학 (Autumn vacation),정바비
2020,10,94,고백,정준일 (Jung Joon Il),"정준일,권영찬"
2020,10,95,좋아해 (bye),CHEEZE (치즈),달총
2020,10,96,Speechless,스탠딩 에그 (Standing Egg),"Mooney,James Shay,Reynolds,Jordan,Smyers,Dan,Veltz,Laura"
2020,10,97,싸운날,볼빨간사춘기 (BOL4),"안지영,바닐라맨"
2020,10,98,와리가리,혁오 (HYUKOH),"오혁,혁오"
2020,10,99,꿈나라 별나라,잔나비 (Jannabi),잔나비
2020,10,100,타투 (Tattoo),적재 (Jukjae),"적재,이주형,GDLO"
2020,11,1,오래된 노래,스탠딩 에그 (Standing Egg),"Egg1,Egg2,Egg3"
2020,11,2,어떻게 지내 (Prod. By VAN.C),오반 (OVAN),"오반,VAN.C"
2020,11,3,가을밤에 든 생각,잔나비 (Jannabi),"잔나비 최정훈,김도형"
2020,11,5,서면역에서,순순희 (SOONSOONHEE),이래언
2020,11,6,나랑 같이 걸을래 (바른연애 길잡이 X 적재),적재 (Jukjae),"DOKO,사승호"
2020,11,7,오늘도 빛나는 너에게 (To You My Light) (Feat.이라온),마크툽 (MAKTUB),"마크툽,이라온,Triple Synergy,박민지"
2020,11,8,별을 담은 시 (Ode To The Stars),"마크툽 (MAKTUB), 이라온 (LEE RAON)","마크툽,이라온"
2020,11,9,축하해 (Prod. By VAN.C),오반 (OVAN),"VAN.C,오반"
2020,11,10,나비와 고양이 (feat.백현 (BAEKHYUN)),볼빨간사춘기 (BOL4),"안지영,바닐라맨"
2020,11,11,Dancing Cartoon,볼빨간사춘기 (BOL4),"안지영,바닐라맨"
2020,11,12,주저하는 연인들을 위해,잔나비 (Jannabi),"잔나비 최정훈,김도형,유영현,권박사"
2020,11,13,어떻게 지내 (답가),런치 (LUNCH),"오반,VAN.C"
2020,11,14,너의 번호를 누르고 (Prod. 영화처럼),#안녕,"리트너,두번째 별,임정규"
2020,11,15,조금 취했어 (Prod. 2soo),임재현 (Lim Jae Hyun),2soo
2020,11,16,별 보러 가자,적재 (Jukjae),"적재,추대관"
2020,11,17,선물,멜로망스 (MeloMance),"멜로망스,정동환"
2020,11,18,나의 사춘기에게,볼빨간사춘기 (BOL4),"안지영,바닐라맨"
2020,11,19,서툰 이별을 하려해 (Feat.전상근),윤토벤 (YounToven) ,B.a.B
2020,11,20,Way Back Home,숀 (SHAUN),숀
2020,11,21,그때는 이 거리가 아름다웠다,잠골버스 (잠자는 골방의 버스커들),정일호
2020,11,22,꿈속에 너 (Feat. 전상근),에이치코드 (H:CODE),
2020,11,24,빨간 립스틱,볼빨간사춘기 (BOL4),"안지영,바닐라맨"
2020,11,25,있어줘요,장덕철 (JANG DEOK CHEOL),"덕인,DOKO"
2020,11,26,사랑하는 너에게 (취향저격 그녀 X 스탠딩 에그),스탠딩 에그,Noheul
2020,11,27,너를 그린 우주 (Insomnia2020) (Feat. 이라온),마크툽 (MAKTUB),"마크툽,이라온,Triple Synergy,박민지"
2020,11,28,그 밤 그 밤,잔나비 (Jannabi),"잔나비 최정훈,김도형"
2020,11,29,뜨거운 여름밤은 가고 남은 건 볼품없지만,잔나비 (Jannabi),잔나비
2020,11,30,마음이 말하는 행복 (Happiness) (Feat.이라온),마크툽 (MAKTUB),"마크툽,이라온,Triple Synergy,박민지"
2020,11,31,여행,볼빨간사춘기 (BOL4),"안지영,바닐라맨"
2020,11,32,스토커,10CM (십센치),"10CM,Fine Five"
2020,11,33,"SODA (feat. 1ho, 0back)",공기남 (Airman),공기남
2020,11,34,워커홀릭,볼빨간사춘기 (BOL4),"안지영,바닐라맨"
2020,11,35,한걸음,잔나비 (Jannabi),"잔나비 최정훈,김도형"
2020,11,36,Paris,"오반 (OVAN), 런치 (LUNCH)","VAN.C,런치,CSP"
2020,11,37,폰서트,10CM (십센치),"10CM,이요한,성수용,이윤혁"
2020,11,38,그대 없는 밤에 (Feat. 전상근),에이치코드 (H:CODE),"에이치코드,이승표,한희준"
2020,11,39,Tight,10CM (십센치),"이아일,박문치,NODAY"
2020,11,41,"나만, 봄",볼빨간사춘기 (BOL4),"안지영,바닐라맨"
2020,11,42,몇 번의 이별,정효빈 (Jeong Hyo Bean),"빅가이로빈,최상언,김홍준"
2020,11,43,작전명 청-춘!,잔나비 (Jannabi),"잔나비 최정훈,김도형"
2020,11,44,이 노래가 클럽에서 나온다면,우디 (Woody),"우디,김동휘"
2020,11,45,우주를 줄게,볼빨간사춘기 (BOL4),"바닐라맨,안지영,낯선아이"
2020,11,47,별 보러 갈래?,볼빨간사춘기 (BOL4),"안지영,바닐라맨"
2020,11,48,TOMBOY,혁오 (HYUKOH),"오혁,카더가든,혁오"
2020,11,49,불 좀 꺼줄래,"주시크 (Joosiq), 오반 (OVAN)","주시크,안성현"
2020,11,50,나만 안되는 연애,볼빨간사춘기 (BOL4),"안지영,바닐라맨"
2020,11,51,사랑하긴 했었나요 스쳐가는 인연이었나요 짧지않은 우리 함께했던 시간들이 자꾸 내 마음을 가둬두네,잔나비 (Jannabi),잔나비
2020,11,52,행복,오반 (OVAN),"피아노맨,J.Litz"
2020,11,53,안아줘,정준일 (Jung Joon Il),정준일
2020,11,55,잘 지내,적재 (Jukjae),"적재,SCORE,Megatone"
2020,11,56,겨울을 걷는다,윤딴딴 (YUN DDanDdan),"윤딴딴,nineoff"
2020,11,57,오늘도 그대만 (Feat. 정동원),T.P RETRO (타디스 프로젝트舊),최현석
2020,11,58,좋다고 말해,볼빨간사춘기 (BOL4),"바닐라맨,안지영"
2020,11,59,남이 될 수 있을까,"볼빨간사춘기 (BOL4), 스무살 (20 YEARS OF AGE)",바닐라맨
2020,11,60,니가 보고싶은 밤,윤딴딴 (YUN DDanDdan),"윤딴딴,밤그늘"
2020,11,61,썸 탈꺼야,볼빨간사춘기 (BOL4),"안지영,바닐라맨"
2020,11,62,늙은 개,잔나비 (Jannabi),"잔나비 최정훈,김도형"
2020,11,63,품,볼빨간사춘기 (BOL4),"안지영,바닐라맨"
2020,11,64,범 내려온다,이날치 (LEENALCHI),이날치
2020,11,65,인사,멜로망스 (MeloMance),정동환
2020,11,66,She (Hidden Track No.V 1월 선정곡),잔나비 (Jannabi),잔나비
2020,11,67,홍연,안예은 (AHN YE EUN),안예은
2020,11,68,오늘,오왠 (O.WHEN),"오왠,빌리어코스티,권혁호,박종득,김지용"
2020,11,70,그대가 살아서,정동원 (Jeong Dong Won),"리트너,더필름,임정규"
2020,11,71,위잉위잉,혁오 (HYUKOH),
2020,11,72,Little Star,스탠딩 에그 (Standing Egg),Standing Egg
2020,11,73,Madeleine Love,CHEEZE (치즈),"구름,달총"
2020,11,74,심술,볼빨간사춘기 (BOL4),"안지영,바닐라맨"
2020,11,75,나랑 아니면,검정치마 (The Black Skirts),검정치마
2020,11,76,Blue,볼빨간사춘기 (BOL4),"안지영,바닐라맨"
2020,11,77,고백,델리스파이스 (Deli Spice),"고범준,김C"
2020,11,78,바라봐줘요,죠지 (george),"죠지,박문치"
2020,11,79,비행운,문문 (MoonMoon),"문문,김영철"
2020,11,80,동화,멜로망스 (MeloMance),"멜로망스,정동환"
2020,11,81,웃으며,"임재현 (Lim Jae Hyun), 문성욱 (Moon SeongWook)","문성욱,LAGOON"
2020,11,82,사랑한다는 말로는,피아노맨 (PIANO MAN),"숀,피아노맨"
2020,11,83,"너, 너",스트레이 (The Stray),"L.NDN,스트레이,센티멘탈 시너리"
2020,11,84,사랑은 은하수 다방에서,10CM (십센치),10CM
2020,11,85,널 생각해,원 모어 찬스 (one more chance),정지찬
2020,11,86,밤,"문성욱 (Moon SeongWook), 임재현 (Lim Jae Hyun)","문성욱,정혜원,라경외,이성훈,임영우"
2020,11,87,얘랑 있을 때 좋다(with 김국헌 of 비오브유),어쿠스틱 콜라보 (Acoustic Collabo),"해일,김승재"
2020,11,88,November Rain,잔나비 (Jannabi),잔나비
2020,11,89,그러나,10CM (십센치),"10CM,이요한,성수용,방인재,이윤혁"
2020,11,90,#첫사랑,볼빨간사춘기 (BOL4),"김지수,황종하"
2020,11,91,매트리스,10CM (십센치),"10CM,이요한,성수용,방인재,이윤혁"
2020,11,92,You(=I),볼빨간사춘기 (BOL4),"안지영,바닐라맨"
2020,11,93,하염없이 (Feat. 정동원),"T.P RETRO (타디스 프로젝트舊), 학선","최현석,학선,임정규"
2020,11,94,대충 입고 나와,우디 (Woody),"우디,로브,송호일"
2020,11,95,"못하겠다, 이별 (Feat. 12月)",T.P RETRO (타디스 프로젝트舊),"리트너,최현석,임정규"
2020,11,96,비오는 날 뭐해,하은 (포맨),VIP
2020,11,97,pet,10CM (십센치),"10CM,이요한,성수용,이윤혁,박기훈"
2020,11,98,꿈과 책과 힘과 벽,잔나비 (Jannabi),"잔나비 최정훈,김도형,유영현"
2020,11,99,취기를 빌려 (Vocal 이민혁),새봄 (saevom),
2020,11,100,Mermaid,볼빨간사춘기 (BOL4),"안지영,바닐라맨"
2020,12,1,오래된 노래,스탠딩 에그 (Standing Egg),"Egg1,Egg2,Egg3"
2020,12,2,나랑 같이 걸을래 (바른연애 길잡이 X 적재),적재 (Jukjae),"DOKO,사승호"
2020,12,3,어떻게 지내 (Prod. By VAN.C),오반 (OVAN),"오반,VAN.C"
2020,12,4,가을밤에 든 생각,잔나비 (Jannabi),"잔나비 최정훈,김도형"
2020,12,5,서면역에서,순순희 (SOONSOONHEE),이래언
2020,12,6,오늘도 빛나는 너에게 (To You My Light) (Feat.이라온),마크툽 (MAKTUB),"마크툽,이라온,Triple Synergy,박민지"
2020,12,8,별을 담은 시 (Ode To The Stars),"마크툽 (MAKTUB), 이라온 (LEE RAON)","마크툽,이라온"
2020,12,9,축하해 (Prod. By VAN.C),오반 (OVAN),"VAN.C,오반"
2020,12,10,너의 번호를 누르고 (Prod. 영화처럼),#안녕,"리트너,두번째 별,임정규"
2020,12,11,주저하는 연인들을 위해,잔나비 (Jannabi),"잔나비 최정훈,김도형,유영현,권박사"
2020,12,12,나비와 고양이 (feat.백현 (BAEKHYUN)),볼빨간사춘기 (BOL4),"안지영,바닐라맨"
2020,12,13,별 보러 가자,적재 (Jukjae),"적재,추대관"
2020,12,14,어떻게 지내 (답가),런치 (LUNCH),"오반,VAN.C"
2020,12,15,조금 취했어 (Prod. 2soo),임재현 (Lim Jae Hyun),2soo
2020,12,16,Dancing Cartoon,볼빨간사춘기 (BOL4),"안지영,바닐라맨"
2020,12,17,선물,멜로망스 (MeloMance),"멜로망스,정동환"
2020,12,19,Way Back Home,숀 (SHAUN),숀
2020,12,20,서툰 이별을 하려해 (Feat.전상근),윤토벤 (YounToven) ,B.a.B
2020,12,21,나의 사춘기에게,볼빨간사춘기 (BOL4),"안지영,바닐라맨"
2020,12,22,꿈속에 너 (Feat. 전상근),에이치코드 (H:CODE),
2020,12,23,어제의 우리들,스탠딩 에그 (Standing Egg),Standing Egg
2020,12,24,있어줘요,장덕철 (JANG DEOK CHEOL),"덕인,DOKO"
2020,12,25,마음이 말하는 행복 (Happiness) (Feat.이라온),마크툽 (MAKTUB),"마크툽,이라온,Triple Synergy,박민지"
2020,12,26,그때는 이 거리가 아름다웠다,잠골버스 (잠자는 골방의 버스커들),정일호
2020,12,27,너를 그린 우주 (Insomnia2020) (Feat. 이라온),마크툽 (MAKTUB),"마크툽,이라온,Triple Synergy,박민지"
2020,12,28,여행,볼빨간사춘기 (BOL4),"안지영,바닐라맨"
2020,12,30,뜨거운 여름밤은 가고 남은 건 볼품없지만,잔나비 (Jannabi),잔나비
2020,12,31,붙잡고 싶어도,#안녕,"리트너,임정규"
2020,12,32,스토커,10CM (십센치),"10CM,Fine Five"
2020,12,33,입김,10CM (십센치),"10CM,이요한,방인재,성수용,이윤혁"
2020,12,34,폰서트,10CM (십센치),"10CM,이요한,성수용,이윤혁"
2020,12,35,워커홀릭,볼빨간사춘기 (BOL4),"안지영,바닐라맨"
2020,12,36,겨울을 걷는다,윤딴딴 (YUN DDanDdan),"윤딴딴,nineoff"
2020,12,37,그대 없는 밤에 (Feat. 전상근),에이치코드 (H:CODE),"에이치코드,이승표,한희준"
2020,12,38,우주를 줄게,볼빨간사춘기 (BOL4),"바닐라맨,안지영,낯선아이"
2020,12,39,TOMBOY,혁오 (HYUKOH),"오혁,카더가든,혁오"
2020,12,40,"나만, 봄",볼빨간사춘기 (BOL4),"안지영,바닐라맨"
2020,12,41,이 노래가 클럽에서 나온다면,우디 (Woody),"우디,김동휘"
2020,12,42,사랑하는 너에게 (취향저격 그녀 X 스탠딩 에그),스탠딩 에그,Noheul
2020,12,44,나만 안되는 연애,볼빨간사춘기 (BOL4),"안지영,바닐라맨"
2020,12,45,범 내려온다,이날치 (LEENALCHI),이날치
2020,12,46,잘 지내,적재 (Jukjae),"적재,SCORE,Megatone"
2020,12,47,Mr.Santa,런치 (LUNCH),"안성현,런치"
2020,12,48,오늘도 그대만 (Feat. 정동원),T.P RETRO (타디스 프로젝트舊),최현석
2020,12,49,별 보러 갈래?,볼빨간사춘기 (BOL4),"안지영,바닐라맨"
2020,12,50,행복,오반 (OVAN),"피아노맨,J.Litz"
2020,12,51,안아줘,정준일 (Jung Joon Il),정준일
2020,12,52,좋다고 말해,볼빨간사춘기 (BOL4),"바닐라맨,안지영"
2020,12,53,바라봐줘요,죠지 (george),"죠지,박문치"
2020,12,54,전부 다 주지말걸,순순희 (SOONSOONHEE),"피아노맨,순순희"
2020,12,55,그 밤 그 밤,잔나비 (Jannabi),"잔나비 최정훈,김도형"
2020,12,56,니가 보고싶은 밤,윤딴딴 (YUN DDanDdan),"윤딴딴,밤그늘"
2020,12,57,썸 탈꺼야,볼빨간사춘기 (BOL4),"안지영,바닐라맨"
2020,12,58,사랑하긴 했었나요 스쳐가는 인연이었나요 짧지않은 우리 함께했던 시간들이 자꾸 내 마음을 가둬두네,잔나비 (Jannabi),잔나비
2020,12,59,불 좀 꺼줄래,"주시크 (Joosiq), 오반 (OVAN)","주시크,안성현"
2020,12,60,"SODA (feat. 1ho, 0back)",공기남 (Airman),공기남
2020,12,61,Tight,10CM (십센치),"이아일,박문치,NODAY"
2020,12,62,불면증 (Vocal by 윤하),에피톤 프로젝트 (Epitone Project),에피톤 프로젝트
2020,12,63,Paris,"오반 (OVAN), 런치 (LUNCH)","VAN.C,런치,CSP"
2020,12,64,남이 될 수 있을까,"볼빨간사춘기 (BOL4), 스무살 (20 YEARS OF AGE)",바닐라맨
2020,12,65,몇 번의 이별,정효빈 (Jeong Hyo Bean),"빅가이로빈,최상언,김홍준"
2020,12,66,빨간 립스틱,볼빨간사춘기 (BOL4),"안지영,바닐라맨"
2020,12,67,오늘,오왠 (O.WHEN),"오왠,빌리어코스티,권혁호,박종득,김지용"
2020,12,68,Made In Christmas (feat. 이수현 of 악동뮤지션),잔나비 (Jannabi),"잔나비 최정훈,김도형,유영현,장경준,윤결"
2020,12,70,위잉위잉,혁오 (HYUKOH),
2020,12,71,인사,멜로망스 (MeloMance),정동환
2020,12,72,홍연,안예은 (AHN YE EUN),안예은
2020,12,73,그대가 살아서,정동원 (Jeong Dong Won),"리트너,더필름,임정규"
2020,12,74,사랑한다는 말로는,피아노맨 (PIANO MAN),"숀,피아노맨"
2020,12,75,She (Hidden Track No.V 1월 선정곡),잔나비 (Jannabi),잔나비
2020,12,76,품,볼빨간사춘기 (BOL4),"안지영,바닐라맨"
2020,12,77,Little Star,스탠딩 에그 (Standing Egg),Standing Egg
2020,12,78,비행운,문문 (MoonMoon),"문문,김영철"
2020,12,79,웃으며,"임재현 (Lim Jae Hyun), 문성욱 (Moon SeongWook)","문성욱,LAGOON"
2020,12,80,Madeleine Love,CHEEZE (치즈),"구름,달총"
2020,12,81,심술,볼빨간사춘기 (BOL4),"안지영,바닐라맨"
2020,12,82,"너, 너",스트레이 (The Stray),"L.NDN,스트레이,센티멘탈 시너리"
2020,12,83,나랑 아니면,검정치마 (The Black Skirts),검정치마
2020,12,84,동화,멜로망스 (MeloMance),"멜로망스,정동환"
2020,12,85,축가 (feat.원필(DAY6)),그_냥 (J_ust),"그_냥,정수민"
2020,12,86,Blue,볼빨간사춘기 (BOL4),"안지영,바닐라맨"
2020,12,88,한걸음,잔나비 (Jannabi),"잔나비 최정훈,김도형"
2020,12,89,고백,델리스파이스 (Deli Spice),"고범준,김C"
2020,12,90,하염없이 (Feat. 정동원),"T.P RETRO (타디스 프로젝트舊), 학선","최현석,학선,임정규"
2020,12,91,사랑은 은하수 다방에서,10CM (십센치),10CM
2020,12,92,밤,"문성욱 (Moon SeongWook), 임재현 (Lim Jae Hyun)","문성욱,정혜원,라경외,이성훈,임영우"
2020,12,93,이 밤이 다 가기 전에 오늘이 어제가 되기 전에,10CM (십센치),"10CM,한국인,이요한,성수용,이윤혁"
2020,12,94,널 생각해,원 모어 찬스 (one more chance),정지찬
2020,12,95,대충 입고 나와,우디 (Woody),"우디,로브,송호일"
2020,12,96,작전명 청-춘!,잔나비 (Jannabi),"잔나비 최정훈,김도형"
2020,12,97,그런 날 (Feat. 김호연 of 달 좋은 밤),크래커 (CRACKER),크래커
2020,12,98,매트리스,10CM (십센치),"10CM,이요한,성수용,방인재,이윤혁"
2020,12,99,#첫사랑,볼빨간사춘기 (BOL4),"김지수,황종하"
2020,12,100,봄이 좋냐??,10CM (십센치),"10CM,오안,이윤혁"
